dataset,cell_type,gene_set,k,n_cells,max_rank,rho_depth,rho_axis,observed_codetection,random_null_depth_median,random_null_depth_p,random_depth_reject,random_null_axis_median,random_axis_p,random_axis_reject,expression_null_depth_median,expression_null_depth_p,expression_depth_reject,expression_null_axis_median,expression_axis_p,expression_axis_reject,codetection_null_depth_median,codetection_null_depth_p,codetection_depth_reject,codetection_null_axis_median,codetection_axis_p,codetection_axis_reject
gse161529,0,KEGG_OLFACTORY_TRANSDUCTION,384,4000,1677,-0.6576139876493202,0.0843441802005585,0.007211989723145962,0.6303671104486774,0.009900990099009901,True,-0.17401262683542523,0.009900990099009901,True,-0.4332320414214631,0.009900990099009901,True,0.09048991418852187,0.8415841584158416,False,-0.44112979307861877,0.009900990099009901,True,0.11354268314101505,0.6237623762376238,False
gse161529,0,REACTOME_G_ALPHA_S_SIGNALLING_EVENTS,157,4000,1677,-0.07406748330868627,-0.12558066709024823,0.013403614051640034,0.45958593041353024,0.009900990099009901,True,-0.10158128242238329,0.8613861386138614,False,-0.06860222175078341,0.900990099009901,False,-0.005270785080442913,0.2376237623762376,False,-0.06495227822480423,0.8811881188118812,False,-0.023133674202083055,0.3465346534653465,False
gse161529,0,GSE2706_LPS_VS_R848_AND_LPS_2H_STIM_DC_UP,170,4000,1677,-0.23432684372548548,0.08531588030955753,0.012771962210536003,0.4889634468048728,0.009900990099009901,True,-0.12635143844434218,0.06930693069306931,False,-0.18644471218627495,0.019801980198019802,True,0.11824973038596788,0.49504950495049505,False,-0.17661483145071113,0.009900990099009901,True,0.12532934861962539,0.39603960396039606,False
gse161529,0,WP_BIOMARKERS_FOR_UREA_CYCLE_DISORDERS,12,4000,1677,0.09689895321026747,-0.007999266039529364,0.035670943558216095,0.14308141574845856,0.7029702970297029,False,-0.03960215057165918,0.8217821782178217,False,0.06588716333281966,0.2376237623762376,False,-0.003111186630891283,0.9306930693069307,False,0.07000072247968037,0.297029702970297,False,0.0037382170685604805,0.8514851485148515,False
gse161529,0,GSE5099_CLASSICAL_M1_VS_ALTERNATIVE_M2_MACROPHAGE_DN,172,4000,1677,0.465792577549364,-0.059557046329448374,0.025030214339494705,0.4992792173721672,0.7029702970297029,False,-0.139220217928088,0.43564356435643564,False,0.4444829489900323,0.6138613861386139,False,-0.20918937347565175,0.19801980198019803,False,0.4671468993766696,0.9702970297029703,False,-0.22824214952504318,0.18811881188118812,False
gse161529,0,GSE17721_CTRL_VS_POLYIC_12H_BMDC_DN,196,4000,1677,0.44593244841338114,-0.11579187223624672,0.03555252030491829,0.5153180910198958,0.27722772277227725,False,-0.12105004159630375,0.9702970297029703,False,0.47290508504886986,0.3069306930693069,False,-0.09688831195542445,0.8118811881188119,False,0.48471870794625666,0.10891089108910891,False,-0.11709786350331622,0.9801980198019802,False
gse161529,0,HALLMARK_ALLOGRAFT_REJECTION,196,4000,1677,0.35143324924878405,-0.11425200105119417,0.02133891172707081,0.5174516469202691,0.0891089108910891,False,-0.1458744922033562,0.801980198019802,False,0.36490712611341863,0.8316831683168316,False,-0.14049809118676948,0.8613861386138614,False,0.38538095245093273,0.504950495049505,False,-0.12147236148038623,0.9702970297029703,False
gse161529,0,WP_THERMOGENESIS,108,4000,1677,0.39600224753622665,-0.027684364296355412,0.033770255744457245,0.4105887461259768,0.8811881188118812,False,-0.12136625747071887,0.4752475247524752,False,0.36000543998406087,0.5247524752475248,False,-0.08899489693518216,0.6435643564356436,False,0.370031025039223,0.48514851485148514,False,-0.10127283466623235,0.5247524752475248,False
gse161529,0,GSE3982_EOSINOPHIL_VS_NKCELL_UP,189,4000,1677,0.5446923110775734,-0.007974083618957087,0.036054033786058426,0.5268842358832446,0.7920792079207921,False,-0.14286973285713275,0.18811881188118812,False,0.5859650463030603,0.18811881188118812,False,-0.20912858942205434,0.0297029702970297,True,0.6005124779138842,0.06930693069306931,False,-0.19850807465676884,0.039603960396039604,True
gse161529,0,GSE27786_CD8_TCELL_VS_MONO_MAC_DN,194,4000,1677,0.4322935578991778,-0.15753139009989636,0.02537119761109352,0.5024686148794602,0.33663366336633666,False,-0.1113646947235981,0.6336633663366337,False,0.39832127177162535,0.33663366336633666,False,-0.11713011297849094,0.6435643564356436,False,0.41433847712600025,0.5643564356435643,False,-0.08933877502730023,0.4158415841584158,False
gse161529,0,GSE26290_WT_VS_PDK1_KO_ANTI_CD3_AND_IL2_STIM_CD8_TCELL_DN,187,4000,1677,0.5153810404660659,-0.02868101166811052,0.03779197484254837,0.4978866586377031,0.8415841584158416,False,-0.14923774732784062,0.32673267326732675,False,0.5372535811077395,0.4752475247524752,False,-0.1303277811297932,0.297029702970297,False,0.5536396764305755,0.19801980198019803,False,-0.116727621759374,0.33663366336633666,False
gse161529,0,KEGG_PROGESTERONE_MEDIATED_OOCYTE_MATURATION,85,4000,1677,0.3610515785978967,-0.17650842825806556,0.0271765124052763,0.35798206496644036,0.9603960396039604,False,-0.07029073990815979,0.39603960396039606,False,0.2971235864624646,0.3069306930693069,False,-0.09053705517753731,0.5643564356435643,False,0.326819807168644,0.48514851485148514,False,-0.11008302013964148,0.594059405940594,False
gse161529,0,BIOCARTA_SM_PATHWAY,14,4000,1677,0.5154355985684252,-0.4050549099647918,0.2636463940143585,0.151787495212664,0.009900990099009901,True,-0.03325862008641932,0.019801980198019802,True,0.5828383221950217,0.15841584158415842,False,-0.25684007189281133,0.25742574257425743,False,0.6017336586522153,0.04950495049504951,True,-0.41529903866941653,0.8910891089108911,False
gse161529,0,GSE35825_IFNA_VS_IFNG_STIM_MACROPHAGE_UP,161,4000,1677,0.35379886565411967,0.14299923409364718,0.029401419684290886,0.4693212905621277,0.25742574257425743,False,-0.10274387206426636,0.039603960396039604,True,0.42749427696530573,0.06930693069306931,False,-0.08883482174603269,0.039603960396039604,True,0.46254463370867716,0.009900990099009901,True,-0.11126658231958411,0.009900990099009901,True
gse161529,0,KEGG_ADHERENS_JUNCTION,73,4000,1677,0.5250007517755885,-0.19032583345145107,0.045077256858348846,0.3138809167634243,0.06930693069306931,False,-0.10187012239591878,0.504950495049505,False,0.5063507794472095,0.7425742574257426,False,-0.17483521539239893,0.9207920792079208,False,0.5418356070784313,0.6435643564356436,False,-0.19556869306239744,0.9504950495049505,False
gse161529,0,GSE22601_IMMATURE_CD4_SINGLE_POSITIVE_VS_CD4_SINGLE_POSITIVE_THYMOCYTE_UP,197,4000,1677,0.729269253865486,-0.26861061527410324,0.0520654059946537,0.5033270806252359,0.0297029702970297,True,-0.12015975308239404,0.1782178217821782,False,0.7317910460235095,0.9504950495049505,False,-0.27690465881526855,0.9306930693069307,False,0.7446232371577407,0.40594059405940597,False,-0.29559732412288253,0.7425742574257426,False
gse161529,0,GSE19825_NAIVE_VS_DAY3_EFF_CD8_TCELL_DN,196,4000,1677,0.7261003712452865,-0.4058944841226381,0.06392774730920792,0.5059313170877564,0.0297029702970297,True,-0.12437388636893996,0.009900990099009901,True,0.775460056506702,0.019801980198019802,True,-0.26985808934246847,0.07920792079207921,False,0.7789639804572503,0.009900990099009901,True,-0.3154307999570844,0.19801980198019803,False
gse161529,0,BIOCARTA_DICER_PATHWAY,5,4000,1677,0.03823581928888059,0.00823146042467355,0.029749002307653427,0.06124186282303589,0.8217821782178217,False,-0.002949041581895337,0.8415841584158416,False,0.02297135375889303,0.4752475247524752,False,0.02041010225866953,0.7029702970297029,False,0.027483876004946395,0.5841584158415841,False,0.027663776824185138,0.4752475247524752,False
gse161529,0,REACTOME_ESTROGEN_STIMULATED_SIGNALING_THROUGH_PRKCZ,6,4000,1677,0.13774764452311308,-0.019199683991511,0.05460759624838829,0.06704700341447044,0.5247524752475248,False,-0.009174613660355904,0.900990099009901,False,0.1087129386921166,0.2079207920792079,False,-0.0038390623137997317,0.6732673267326733,False,0.11253068066449759,0.24752475247524752,False,-0.005555731140393575,0.7227722772277227,False
gse161529,0,REACTOME_TRANSLESION_SYNTHESIS_BY_Y_FAMILY_DNA_POLYMERASES_BYPASSES_LESIONS_ON_DNA_TEMPLATE,39,4000,1677,0.5070623863007364,-0.36446164294646716,0.07527804374694824,0.26420801855806475,0.039603960396039604,True,-0.05235625029658508,0.019801980198019802,True,0.503677187595944,0.9207920792079208,False,-0.18447960906508512,0.1782178217821782,False,0.5334658872949578,0.5445544554455446,False,-0.18823063203783985,0.1188118811881188,False
gse161529,1,REACTOME_TACHYKININ_RECEPTORS_BIND_TACHYKININS,5,4000,1677,-0.0455324479381236,0.013133376445550278,,0.040547663553468616,0.18811881188118812,False,-0.0002826406374875444,0.6732673267326733,False,-0.05791700176941267,0.45544554455445546,False,-0.0020316171681788227,0.3564356435643564,False,-0.05480803119378788,0.6237623762376238,False,0.004237479792100681,0.5247524752475248,False
gse161529,1,REACTOME_G_ALPHA_S_SIGNALLING_EVENTS,157,4000,1677,-0.0003795690026728795,0.012746232693710028,0.014684036374092102,0.3240078135441117,0.009900990099009901,True,-0.030660480900752178,0.504950495049505,False,0.019300658236161908,0.3465346534653465,False,-0.007259652723902589,0.7623762376237624,False,0.023168228798554118,0.26732673267326734,False,-0.02456781923491763,0.504950495049505,False
gse161529,1,GSE32034_UNTREATED_VS_ROSIGLIZATONE_TREATED_LY6C_LOW_MONOCYTE_UP,169,4000,1677,0.013147216659564339,-0.015447329299117742,0.016242513433098793,0.32435056605067575,0.009900990099009901,True,-0.012374993226895519,0.9207920792079208,False,0.014206830215020252,0.9405940594059405,False,-0.026514142281419878,0.8514851485148515,False,0.016582000684506434,0.900990099009901,False,-0.013256761611399347,0.9207920792079208,False
gse161529,1,GSE22886_NAIVE_TCELL_VS_NEUTROPHIL_DN,192,4000,1677,-0.12746408789965227,-0.023535397519814177,0.00940093956887722,0.356665607295084,0.009900990099009901,True,-0.02346789834455129,1.0,False,-0.12923628950086383,0.8712871287128713,False,-0.027301870659397008,0.8712871287128713,False,-0.13044448705360068,0.8415841584158416,False,-0.024193976375828267,0.9702970297029703,False
gse161529,1,GSE10422_WT_VS_BAFF_TRANSGENIC_LN_BCELL_DN,124,4000,1677,0.31128874885249214,0.10391627121686246,0.028446834534406662,0.2887872626051169,0.6732673267326733,False,-0.031691546321200165,0.09900990099009901,False,0.31951727789405904,0.8217821782178217,False,0.035111655029961934,0.33663366336633666,False,0.3234769624706721,0.693069306930693,False,0.03194352053514258,0.37623762376237624,False
gse161529,1,GSE36888_UNTREATED_VS_IL2_TREATED_STAT5_AB_KNOCKIN_TCELL_17H_UP,179,4000,1677,0.3837984184973194,-0.20731046190356017,0.03452259302139282,0.3388074425183859,0.40594059405940597,False,-0.012716637977794255,0.019801980198019802,True,0.41659873462007624,0.12871287128712872,False,0.009943286109292234,0.019801980198019802,True,0.4272558124141427,0.06930693069306931,False,0.018090100859070486,0.0297029702970297,True
gse161529,1,REACTOME_RET_SIGNALING,40,4000,1677,0.08098317763671205,-0.08359658361429911,0.01468687504529953,0.16058138655210435,0.26732673267326734,False,-0.020150059178406343,0.24752475247524752,False,0.07099948738309197,0.5445544554455446,False,-0.02724388392848221,0.2376237623762376,False,0.07408953082456537,0.6534653465346535,False,-0.02267245392460318,0.13861386138613863,False
gse161529,1,GSE14699_NAIVE_VS_DELETIONAL_TOLERANCE_CD8_TCELL_UP,147,4000,1677,0.24585185694918762,-0.21657051796778215,0.028286349028348923,0.32726738364783153,0.19801980198019803,False,-0.019110248357093657,0.019801980198019802,True,0.26690860044634324,0.37623762376237624,False,-0.03213799924470101,0.0297029702970297,True,0.2698376436177778,0.21782178217821782,False,-0.023486009850960776,0.019801980198019802,True
gse161529,1,KEGG_SPHINGOLIPID_METABOLISM,38,4000,1677,-0.03428735733156857,-0.025360074043618203,0.012166163884103298,0.17501878197094056,0.009900990099009901,True,-0.010716996511500414,0.7623762376237624,False,-0.0012728147248511727,0.0891089108910891,False,-0.01863543089964914,0.7623762376237624,False,-0.0034512976619486516,0.039603960396039604,True,-0.02679850110357944,0.9504950495049505,False
gse161529,1,WP_PARKINUBIQUITIN_PROTEASOMAL_SYSTEM_PATHWAY,70,4000,1677,0.38693087137059307,-0.21996869617408224,0.059524789452552795,0.21145746518539799,0.019801980198019802,True,-0.01968610161383643,0.009900990099009901,True,0.39372914509021173,0.7326732673267327,False,-0.02415240343867763,0.009900990099009901,True,0.4006168250522234,0.42574257425742573,False,-0.043337673931293216,0.019801980198019802,True
gse161529,1,BIOCARTA_CSK_PATHWAY,20,4000,1677,0.34728211700219686,-0.2661352071435181,0.13650506734848022,0.11000292494053354,0.009900990099009901,True,-0.018538706017749273,0.009900990099009901,True,0.37750766890910736,0.22772277227722773,False,0.014932408718632408,0.009900990099009901,True,0.39886982006837635,0.039603960396039604,True,-0.0019914231073644966,0.009900990099009901,True
gse161529,1,WP_PHOTODYNAMIC_THERAPYINDUCED_NFE2L2_NRF2_SURVIVAL_SIGNALING,23,4000,1677,0.17931864267718478,0.020803764571359396,0.0410945788025856,0.13080447796651617,0.5643564356435643,False,0.002386825438807045,0.8118811881188119,False,0.22977120170508925,0.1485148514851485,False,0.017583282516669463,0.9405940594059405,False,0.23976294063997292,0.07920792079207921,False,0.021314860554160552,1.0,False
gse161529,1,GSE17721_PAM3CSK4_VS_GADIQUIMOD_1H_BMDC_DN,194,4000,1677,0.49599731668976554,0.055298976293730026,0.04267090931534767,0.3545407646991464,0.0297029702970297,True,-0.04212358987022032,0.1485148514851485,False,0.4968646785559562,0.9504950495049505,False,-0.029293572201103818,0.19801980198019803,False,0.5025077493340253,0.693069306930693,False,-0.023602558499064463,0.19801980198019803,False
gse161529,1,GSE3565_CTRL_VS_LPS_INJECTED_DUSP1_KO_SPLENOCYTES_DN,170,4000,1677,0.43093384247179717,-0.06299659267018995,0.03657764196395874,0.32606736324747326,0.06930693069306931,False,-0.02998685077803117,0.6039603960396039,False,0.41721884459579517,0.49504950495049505,False,-0.023715009295491557,0.45544554455445546,False,0.4101179704930023,0.39603960396039606,False,-0.017251068671318034,0.504950495049505,False
gse161529,1,GSE6259_BCELL_VS_CD8_TCELL_DN,183,4000,1677,0.29784622496659036,-0.24411512736451502,0.028116600587964058,0.3347503043776848,0.49504950495049505,False,-0.03262826127401648,0.019801980198019802,True,0.35384989835818353,0.019801980198019802,True,-0.03748103193036589,0.019801980198019802,True,0.360746594380008,0.019801980198019802,True,-0.0398614245626811,0.009900990099009901,True
gse161529,1,GSE17721_LPS_VS_GARDIQUIMOD_6H_BMDC_UP,197,4000,1677,0.3937251003572955,-0.05319307756812925,0.032321102917194366,0.35711888601171016,0.40594059405940597,False,-0.020674798045447244,0.6138613861386139,False,0.4349321884945231,0.04950495049504951,True,-0.027546812157865034,0.6732673267326733,False,0.44125067085341946,0.0297029702970297,True,-0.029562669572487096,0.801980198019802,False
gse161529,1,GSE40274_LEF1_VS_FOXP3_AND_LEF1_TRANSDUCED_ACTIVATED_CD4_TCELL_UP,195,4000,1677,0.38964112932993844,-0.056798496421459815,0.02800072729587555,0.34947236473962373,0.49504950495049505,False,-0.03372213684371496,0.594059405940594,False,0.3843320917681806,0.7227722772277227,False,-0.05782688657168072,0.9801980198019802,False,0.39228135129621716,0.801980198019802,False,-0.06370847449875922,0.8811881188118812,False
gse161529,1,GSE15330_MEGAKARYOCYTE_ERYTHROID_VS_GRANULOCYTE_MONOCYTE_PROGENITOR_UP,175,4000,1677,0.593383269248125,0.12607969517483603,0.07125276327133179,0.3277117053250972,0.009900990099009901,True,-0.023542324817725217,0.0297029702970297,True,0.6559156187588497,0.009900990099009901,True,0.0006580706306959555,0.019801980198019802,True,0.6582433706236598,0.009900990099009901,True,-0.018775165853291392,0.04950495049504951,True
gse161529,1,BIOCARTA_BBCELL_PATHWAY,9,4000,1677,0.1656202123660864,-0.022161282000651397,0.06881612539291382,0.062314648286641044,0.0891089108910891,False,-0.017057314739679554,0.8217821782178217,False,0.17155335668485217,0.801980198019802,False,-0.01506388319404525,0.9306930693069307,False,0.19076107142811644,0.27722772277227725,False,0.012213123282280523,0.7227722772277227,False
gse161529,1,REACTOME_TLR3_MEDIATED_TICAM1_DEPENDENT_PROGRAMMED_CELL_DEATH,6,4000,1677,0.04445235653050298,-0.07099553596554406,0.006057939026504755,0.03343340849255274,0.8712871287128713,False,-0.008541041950440132,0.0891089108910891,False,0.01584351821700452,0.039603960396039604,True,-0.007179841168559279,0.0891089108910891,False,0.014629398600761987,0.04950495049504951,True,7.435695499776964e-05,0.0297029702970297,True
gse161529,10,WP_COVID19_THROMBOSIS_AND_ANTICOAGULATION,7,1140,1677,-0.14892108887099334,-0.022007356489346236,,0.10553473008613715,0.009900990099009901,True,0.005197952363756652,0.43564356435643564,False,-0.15349645841677437,0.9207920792079208,False,-0.021553323790138405,0.9801980198019802,False,-0.1572095426518527,0.6633663366336634,False,-0.015321329506421174,0.7326732673267327,False
gse161529,10,REACTOME_NEUROFASCIN_INTERACTIONS,7,1140,1677,-0.09713805002771422,-0.036182051685300524,0.01598210819065571,0.0887850881161395,0.06930693069306931,False,0.009012098992269273,0.18811881188118812,False,-0.05004454668732619,0.18811881188118812,False,-0.0037381104153720226,0.2376237623762376,False,-0.046547396917510316,0.10891089108910891,False,-0.00322701164381805,0.2376237623762376,False
gse161529,10,WP_BIOMARKERS_FOR_UREA_CYCLE_DISORDERS,12,1140,1677,-0.048904166468964345,-0.03995862779755519,0.13068892061710358,0.12999729761553705,0.13861386138613863,False,0.012983085741158543,0.19801980198019803,False,-0.033446886645346306,0.594059405940594,False,0.00038487867018354024,0.25742574257425743,False,-0.03003651617048592,0.594059405940594,False,0.0006345257170360073,0.1485148514851485,False
gse161529,10,REACTOME_ACTIVATION_OF_AMPK_DOWNSTREAM_OF_NMDARS,28,1140,1677,0.2938457083646455,0.00523926350394824,0.09856042265892029,0.21789588433330265,0.5346534653465347,False,0.024775621837394,0.5247524752475248,False,0.2749200975315682,0.6336633663366337,False,0.025911338014840243,0.5148514851485149,False,0.27552352378622236,0.7128712871287128,False,0.024161631043610136,0.5544554455445545,False
gse161529,10,KEGG_GLYCEROLIPID_METABOLISM,48,1140,1677,0.06712322985924644,0.026460768814925255,0.07730770856142044,0.3024872301856769,0.039603960396039604,True,0.03494052406331761,0.7623762376237624,False,0.06923635070384504,0.9801980198019802,False,0.016131277537481784,0.7128712871287128,False,0.08575993300708251,0.5346534653465347,False,0.016858488051179593,0.6732673267326733,False
gse161529,10,GSE15330_LYMPHOID_MULTIPOTENT_VS_PRO_BCELL_UP,199,1140,1677,0.5116362022290838,0.04721495715440138,0.08474292606115341,0.5161706843810194,0.9603960396039604,False,0.04621658182413584,0.9504950495049505,False,0.5238564039014304,0.6534653465346535,False,0.04597658856059647,0.9504950495049505,False,0.5317490600913917,0.4158415841584158,False,0.03830816868828247,0.7623762376237624,False
gse161529,10,KEGG_PATHWAYS_IN_CANCER,325,1140,1677,0.515019900422192,0.08174137676415245,0.0841144546866417,0.6140109895504539,0.0891089108910891,False,0.056113009055540605,0.3465346534653465,False,0.5381452639676783,0.4752475247524752,False,0.048047183046312614,0.32673267326732675,False,0.537519180376105,0.44554455445544555,False,0.04226148881068677,0.1485148514851485,False
gse161529,10,BIOCARTA_TALL1_PATHWAY,15,1140,1677,0.09630368528732194,-0.043373136469226956,0.06782543659210205,0.1405348003501471,0.6831683168316832,False,0.01583169078231417,0.07920792079207921,False,0.1562809897940288,0.1782178217821782,False,0.010269501915772195,0.0891089108910891,False,0.14581715254805766,0.31683168316831684,False,0.010997919587157432,0.07920792079207921,False
gse161529,10,GSE37534_UNTREATED_VS_ROSIGLITAZONE_TREATED_CD4_TCELL_PPARG1_AND_FOXP3_TRASDUCED_UP,191,1140,1677,0.2517705778712829,0.0738821370469715,0.06759902834892273,0.502035968362207,0.009900990099009901,True,0.049506730428035564,0.45544554455445546,False,0.25418573491739144,0.9207920792079208,False,0.017191217749783237,0.06930693069306931,False,0.26129008068926923,0.7722772277227723,False,0.019262431701800593,0.06930693069306931,False
gse161529,10,GSE17721_POLYIC_VS_PAM3CSK4_6H_BMDC_UP,194,1140,1677,0.5484856414876812,0.1085484447647579,0.0990426167845726,0.5299578718334543,0.8811881188118812,False,0.035567304272580216,0.04950495049504951,True,0.5071823371267714,0.1485148514851485,False,0.05297811512379677,0.06930693069306931,False,0.5209400448094004,0.297029702970297,False,0.06027739072745111,0.06930693069306931,False
gse161529,10,WP_HYPOTHESIZED_PATHWAYS_IN_PATHOGENESIS_OF_CARDIOVASCULAR_DISEASE,24,1140,1677,-0.04312383239351802,0.004197306894926759,0.06673212349414825,0.23009483113776508,0.019801980198019802,True,0.02032242577979515,0.5643564356435643,False,-0.020807581969464257,0.5445544554455446,False,0.0016850263699758447,0.9405940594059405,False,-0.015716248114184178,0.39603960396039606,False,-0.002688099888249147,0.8316831683168316,False
gse161529,10,GSE13484_UNSTIM_VS_3H_YF17D_VACCINE_STIM_PBMC_UP,195,1140,1677,0.4993932325921094,0.07368817437458247,0.10380002111196518,0.5211202573471783,0.7524752475247525,False,0.052530819327916034,0.4752475247524752,False,0.5145222573637567,0.5247524752475248,False,0.053329369410666,0.38613861386138615,False,0.5178133014307507,0.504950495049505,False,0.0610089868034612,0.5841584158415841,False
gse161529,10,GSE36888_STAT5_AB_KNOCKIN_VS_WT_TCELL_IL2_TREATED_2H_DN,191,1140,1677,0.4230166569276561,0.09236468728490255,0.07743410766124725,0.5239018317846257,0.16831683168316833,False,0.05076810591646742,0.21782178217821782,False,0.40877052461223584,0.6633663366336634,False,0.033671621188886794,0.04950495049504951,True,0.41657397112153915,0.7821782178217822,False,0.046754512618120386,0.15841584158415842,False
gse161529,10,REACTOME_SYNTHESIS_OF_GLYCOSYLPHOSPHATIDYLINOSITOL_GPI,18,1140,1677,0.030231327518672066,-0.015041026328308553,0.08795444667339325,0.16052779822107405,0.2871287128712871,False,0.01904932737557427,0.27722772277227725,False,0.115324500473992,0.019801980198019802,True,0.00822600066846171,0.48514851485148514,False,0.11065917166626937,0.019801980198019802,True,0.013328780245561705,0.27722772277227725,False
gse161529,10,GSE27786_LSK_VS_ERYTHROBLAST_UP,196,1140,1677,0.5520710569378086,0.040413960039503975,0.10097251832485199,0.5133185412948744,0.5742574257425742,False,0.052195695424427604,0.7029702970297029,False,0.5534800445657491,0.9801980198019802,False,0.05204371185980191,0.5445544554455446,False,0.560737324875912,0.7227722772277227,False,0.052522793404915454,0.5643564356435643,False
gse161529,10,BIOCARTA_EGF_PATHWAY,27,1140,1677,0.3426250681358894,0.02159276976438023,0.12750983238220215,0.19793991343337455,0.2079207920792079,False,0.02212834485414653,0.9801980198019802,False,0.39920939695840263,0.1782178217821782,False,0.024467430194151936,0.9207920792079208,False,0.4035677409354471,0.16831683168316833,False,0.022289227444736086,0.9603960396039604,False
gse161529,10,KEGG_SNARE_INTERACTIONS_IN_VESICULAR_TRANSPORT,38,1140,1677,0.2662488656266165,0.032788036118161674,0.1058550626039505,0.2518474232009248,0.7722772277227723,False,0.01976108528870702,0.7524752475247525,False,0.31150849982029183,0.15841584158415842,False,0.031684505083812486,0.9603960396039604,False,0.3066361589922087,0.25742574257425743,False,0.02783375176938547,0.8613861386138614,False
gse161529,10,BIOCARTA_IGF1MTOR_PATHWAY,19,1140,1677,0.26306398361356415,0.03276199858317322,0.1594616174697876,0.15962716133426239,0.3564356435643564,False,0.006985766806165901,0.5247524752475248,False,0.2571770557589111,0.8217821782178217,False,0.024442805271884846,0.7425742574257426,False,0.271047070721107,0.8514851485148515,False,0.02816038742319582,0.8811881188118812,False
gse161529,10,BIOCARTA_CHEMICAL_PATHWAY,18,1140,1677,0.2592167448775966,0.07959043965486459,0.12132337689399719,0.17878810866946582,0.504950495049505,False,0.01749393566735479,0.07920792079207921,False,0.26930211521837133,0.7029702970297029,False,0.03492472734560913,0.1485148514851485,False,0.25368501129505017,0.8712871287128713,False,0.030394174540622473,0.06930693069306931,False
gse161529,10,HALLMARK_MYC_TARGETS_V2,57,1140,1677,0.43302291595572523,0.02289119616885847,0.12069316953420639,0.29646567152452774,0.18811881188118812,False,0.027035776787347504,0.9405940594059405,False,0.44360216163449423,0.7524752475247525,False,0.046430114813958895,0.504950495049505,False,0.4488855202375428,0.5742574257425742,False,0.03970211108562586,0.6039603960396039,False
gse161529,11,REACTOME_ORGANIC_ANION_TRANSPORT,5,872,1677,-0.2131909084799462,0.045171797121627014,,0.05707935923179994,0.09900990099009901,False,-0.013247755479736386,0.48514851485148514,False,-0.2713909152642168,0.019801980198019802,True,0.05661208870685043,0.7029702970297029,False,-0.27288388683099174,0.019801980198019802,True,0.05015744276415794,0.8415841584158416,False
gse161529,11,KEGG_AUTOIMMUNE_THYROID_DISEASE,50,872,1677,0.435373219393476,-0.6278112338090032,0.1699707806110382,0.31372362224447137,0.40594059405940597,False,-0.0440578769331813,0.009900990099009901,True,0.48787094495752226,0.504950495049505,False,-0.07156134223474742,0.009900990099009901,True,0.5176353263769524,0.2376237623762376,False,-0.07649980584079663,0.009900990099009901,True
gse161529,11,GSE34205_RSV_VS_FLU_INF_INFANT_PBMC_UP,180,872,1677,0.4712897837203636,0.03625635541088699,0.11146565526723862,0.5067139994806502,0.7326732673267327,False,-0.08717130321764492,0.1782178217821782,False,0.37726807802007667,0.12871287128712872,False,-0.037027454127698284,0.297029702970297,False,0.413218132527703,0.297029702970297,False,-0.06834749271642819,0.297029702970297,False
gse161529,11,KEGG_HISTIDINE_METABOLISM,29,872,1677,0.0951818356507052,0.02568279068213999,0.11258968710899353,0.26487976616222386,0.27722772277227725,False,-0.023864345371696342,0.5544554455445545,False,-0.0018792738851270072,0.07920792079207921,False,0.011305190593224358,0.8118811881188119,False,0.015248265512891553,0.10891089108910891,False,-0.007416153319022152,0.5544554455445545,False
gse161529,11,GSE28737_BCL6_HET_VS_BCL6_KO_MARGINAL_ZONE_BCELL_UP,199,872,1677,0.11614030182185563,-0.14781372616599409,0.07230321317911148,0.5366548726841249,0.009900990099009901,True,-0.10485444550269506,0.5346534653465347,False,0.029000974567643313,0.27722772277227725,False,-0.017800944602285207,0.15841584158415842,False,0.05664125446070859,0.297029702970297,False,-0.03145679861459098,0.21782178217821782,False
gse161529,11,KEGG_CHEMOKINE_SIGNALING_PATHWAY,186,872,1677,0.537482475734225,-0.22019201217595338,0.11627060920000076,0.5478923624928751,0.9108910891089109,False,-0.10262438168794444,0.13861386138613863,False,0.4370536017322975,0.019801980198019802,True,-0.0865458716738296,0.0594059405940594,False,0.4683807476158659,0.0891089108910891,False,-0.13246039249373628,0.19801980198019803,False
gse161529,11,REACTOME_RET_SIGNALING,40,872,1677,0.1107149318265365,0.1243072229586379,0.10804428160190582,0.3092907286500134,0.1485148514851485,False,-0.042322416518255884,0.06930693069306931,False,0.021411137101198106,0.04950495049504951,True,0.023780582125558634,0.15841584158415842,False,0.020220921192789107,0.10891089108910891,False,-0.013952666062615443,0.0594059405940594,False
gse161529,11,KEGG_GNRH_SIGNALING_PATHWAY,101,872,1677,0.5078875048455913,-0.05244236521261095,0.12096184492111206,0.42392451897691774,0.5643564356435643,False,-0.07873109932479291,0.8217821782178217,False,0.4240684070587823,0.12871287128712872,False,-0.08316371661712135,0.7524752475247525,False,0.44148815808794467,0.26732673267326734,False,-0.07501656295457028,0.7722772277227723,False
gse161529,11,BIOCARTA_PPARA_PATHWAY,52,872,1677,0.6017912484310145,-0.09800736910276117,0.22666478157043457,0.2828259566767487,0.0297029702970297,True,-0.0563246758717728,0.6831683168316832,False,0.6094379137842267,0.8316831683168316,False,-0.09586612979285188,0.9801980198019802,False,0.6163112302705698,0.7029702970297029,False,-0.1317832652689111,0.5841584158415841,False
gse161529,11,BIOCARTA_D4GDI_PATHWAY,12,872,1677,0.35855595326764644,0.08334698602308256,0.13903017342090607,0.1609763063782711,0.21782178217821782,False,-0.04291582033513029,0.1485148514851485,False,0.33704579581726424,0.7920792079207921,False,-0.06345512503394798,0.1485148514851485,False,0.32837446762110434,0.7623762376237624,False,-0.04719307322017355,0.21782178217821782,False
gse161529,11,WP_CARDIAC_HYPERTROPHIC_RESPONSE,54,872,1677,0.32491294875239635,-0.0182088316083549,0.15585920214653015,0.3480727601110889,0.8415841584158416,False,-0.04252530588960497,0.8118811881188119,False,0.23742528393510573,0.09900990099009901,False,-0.04440427239226524,0.7623762376237624,False,0.26312202113280037,0.25742574257425743,False,-0.06101687012263444,0.4752475247524752,False
gse161529,11,BIOCARTA_LONGEVITY_PATHWAY,15,872,1677,0.45951865811896386,-0.06747716047600236,0.21473287045955658,0.2260149243064537,0.16831683168316833,False,-0.034955778809345424,0.7524752475247525,False,0.44318815399911227,0.7920792079207921,False,-0.08681813497046456,0.8514851485148515,False,0.4771455784922377,0.7425742574257426,False,-0.13292856336673167,0.42574257425742573,False
gse161529,11,WP_HEPATOCYTE_GROWTH_FACTOR_RECEPTOR_SIGNALING,34,872,1677,0.4681084954030169,0.07080644240119684,0.20917776226997375,0.25948387669982875,0.15841584158415842,False,-0.03516346631807027,0.22772277227722773,False,0.44893936919791066,0.7029702970297029,False,-0.04413909291114193,0.16831683168316833,False,0.42465273315314445,0.46534653465346537,False,-0.05516839847051551,0.2871287128712871,False
gse161529,11,KEGG_ACUTE_MYELOID_LEUKEMIA,57,872,1677,0.4953635430058572,-0.05644268601738551,0.18349801003932953,0.32781492559106107,0.19801980198019803,False,-0.05117300814537113,0.900990099009901,False,0.4243423564252603,0.16831683168316833,False,-0.08289176350389629,0.6831683168316832,False,0.39628440834234213,0.0297029702970297,True,-0.043261139269320945,0.7821782178217822,False
gse161529,11,GSE20198_IL12_VS_IL12_IL18_TREATED_ACT_CD4_TCELL_UP,195,872,1677,0.6772712789116587,-0.16017721997899162,0.1964205801486969,0.5603697741345235,0.33663366336633666,False,-0.0901603749338776,0.37623762376237624,False,0.7002788078279965,0.45544554455445546,False,-0.12333527107175918,0.5445544554455446,False,0.7209764199833416,0.07920792079207921,False,-0.144116908855978,0.7227722772277227,False
gse161529,11,KEGG_MTOR_SIGNALING_PATHWAY,52,872,1677,0.3723613250236583,-0.011326745693132734,0.17574356496334076,0.3296833088153403,0.7623762376237624,False,-0.057779209590210656,0.594059405940594,False,0.343653743676676,0.6831683168316832,False,-0.046573845924117674,0.6336633663366337,False,0.4050539133440347,0.49504950495049505,False,-0.09314285066509903,0.24752475247524752,False
gse161529,11,GSE24634_TEFF_VS_TCONV_DAY5_IN_CULTURE_UP,196,872,1677,0.4972285470640977,-0.1515473063117907,0.17082464694976807,0.5434948702782962,0.6732673267326733,False,-0.09427390211062436,0.42574257425742573,False,0.6096315209185363,0.019801980198019802,True,-0.11276103885850877,0.5643564356435643,False,0.6345670667272931,0.009900990099009901,True,-0.14482673677336572,0.8613861386138614,False
gse161529,11,BIOCARTA_KREB_PATHWAY,8,872,1677,0.16159191962969777,-0.05718257584118963,0.2752406597137451,0.11155069127029102,0.8217821782178217,False,-0.017723870092749935,0.6237623762376238,False,0.18902042876639685,0.5742574257425742,False,-0.02224422106655083,0.5643564356435643,False,0.19619449700444153,0.33663366336633666,False,-0.03538836078085932,0.6138613861386139,False
gse161529,11,REACTOME_COMPLEX_III_ASSEMBLY,23,872,1677,0.6498741341218615,-0.1660370036281564,0.36884015798568726,0.24074190796596961,0.009900990099009901,True,-0.046453518792945514,0.2079207920792079,False,0.6755569450894015,0.5544554455445545,False,-0.13627525526560652,0.7128712871287128,False,0.6825306704761294,0.3564356435643564,False,-0.12832070619340272,0.7425742574257426,False
gse161529,11,WP_GLYCOSYLATION_AND_RELATED_CONGENITAL_DEFECTS,25,872,1677,0.05001823477725687,0.020941942780500516,0.17394904792308807,0.22132795474561784,0.21782178217821782,False,-0.017446155699246343,0.6039603960396039,False,0.11661691952962719,0.2079207920792079,False,-0.009386619551434421,0.6435643564356436,False,0.10288977628128616,0.2079207920792079,False,0.011779158682830497,0.7821782178217822,False
gse161529,12,REACTOME_ORGANIC_ANION_TRANSPORT,5,611,1677,-0.24489197165028223,-0.04063591697501182,,0.05013201500512414,0.0594059405940594,False,-0.010885163718982635,0.7227722772277227,False,-0.25268564372537206,0.7524752475247525,False,-0.05437704480105363,0.6732673267326733,False,-0.24652673932089214,0.9306930693069307,False,-0.050126552527225504,0.693069306930693,False
gse161529,12,WP_DOPAMINERGIC_NEUROGENESIS,30,611,1677,-0.1364706360394582,0.24236052090488086,0.057088229805231094,0.12274518832364983,0.15841584158415842,False,0.07475363502718958,0.43564356435643564,False,-0.10729207672757435,0.6831683168316832,False,0.05559411167525414,0.3069306930693069,False,-0.1024233602494532,0.7326732673267327,False,0.04478446905092402,0.27722772277227725,False
gse161529,12,WP_RETINOL_METABOLISM,17,611,1677,-0.13186879409466068,0.25016731829973415,0.05225218087434769,0.09933126491881228,0.21782178217821782,False,0.021056372997809734,0.297029702970297,False,-0.18753411601960335,0.5742574257425742,False,0.026399639426889228,0.2376237623762376,False,-0.19345839933344508,0.3465346534653465,False,0.09446682508004733,0.32673267326732675,False
gse161529,12,REACTOME_PD_1_SIGNALING,26,611,1677,-0.035428054773271045,0.37823921203327043,0.15654735267162323,0.14763373353282394,0.3465346534653465,False,0.023856532367891106,0.06930693069306931,False,-0.17901205702285067,0.039603960396039604,True,0.15542170560207957,0.24752475247524752,False,-0.15481250676028419,0.1188118811881188,False,0.22658328375319903,0.42574257425742573,False
gse161529,12,REACTOME_RUNX1_AND_FOXP3_CONTROL_THE_DEVELOPMENT_OF_REGULATORY_T_LYMPHOCYTES_TREGS,10,611,1677,0.1793417536322397,-0.3965840429029533,0.07031701505184174,0.08519808250137682,0.6435643564356436,False,0.05169852196640046,0.04950495049504951,True,-0.007974273371789633,0.0297029702970297,True,-0.013532593112331938,0.1188118811881188,False,-0.00562988731748722,0.07920792079207921,False,0.04493868397654348,0.09900990099009901,False
gse161529,12,REACTOME_JOSEPHIN_DOMAIN_DUBS,12,611,1677,0.3950491823041548,0.08298448603558234,0.5145429372787476,0.09146968713728121,0.0891089108910891,False,0.021727200938560835,0.7425742574257426,False,0.49488379590058595,0.16831683168316833,False,0.026747540568227354,0.7722772277227723,False,0.5203249997375236,0.06930693069306931,False,-0.08065081303455841,0.39603960396039606,False
gse161529,12,KEGG_GLYCEROPHOSPHOLIPID_METABOLISM,76,611,1677,-0.12929612839486473,0.5896535728767311,0.1417415589094162,0.2509373754454729,0.0297029702970297,True,0.030880062269959,0.009900990099009901,True,-0.07922099723710002,0.5841584158415841,False,-0.007217780329991121,0.019801980198019802,True,-0.047895617150258585,0.25742574257425743,False,-0.00273656903021156,0.009900990099009901,True
gse161529,12,WP_AXON_GUIDANCE,72,611,1677,0.49752672420210564,-0.2772219571539587,0.1492515504360199,0.24505575113816053,0.16831683168316833,False,0.11296285273894399,0.12871287128712872,False,0.42811309038643197,0.36633663366336633,False,0.008040883548481802,0.2079207920792079,False,0.4707115564026496,0.6435643564356436,False,-0.04130042952374294,0.26732673267326734,False
gse161529,12,GSE18281_CORTEX_VS_MEDULLA_THYMUS_DN,184,611,1677,-0.0006406448504057677,0.35786875886484815,0.12759201228618622,0.3661089871477361,0.009900990099009901,True,0.1053442965540209,0.24752475247524752,False,0.12992904066565153,0.09900990099009901,False,0.06600690444684851,0.13861386138613863,False,0.14681288623618266,0.04950495049504951,True,0.052870102010990926,0.07920792079207921,False
gse161529,12,GSE34392_ST2_KO_VS_WT_DAY8_LCMV_EFFECTOR_CD8_TCELL_DN,200,611,1677,0.2254525647296931,0.15314461475962443,0.15611477196216583,0.375912770164034,0.21782178217821782,False,0.01587257905727596,0.5148514851485149,False,0.4038194916697777,0.0297029702970297,True,-0.03493901638078771,0.504950495049505,False,0.46358777835754555,0.009900990099009901,True,-0.019291654370442904,0.43564356435643564,False
gse161529,12,BIOCARTA_ACTINY_PATHWAY,12,611,1677,0.5491881945685474,-0.00022241164710823537,0.3001720905303955,0.06087853318091737,0.009900990099009901,True,0.016596374198077996,0.900990099009901,False,0.4084093068137047,0.10891089108910891,False,-0.04855197879633826,0.8316831683168316,False,0.45404962815896066,0.1188118811881188,False,-0.08328369563747447,0.6534653465346535,False
gse161529,12,REACTOME_TRANSCRIPTIONAL_REGULATION_BY_VENTX,39,611,1677,0.3706888395072258,-0.2023265887639327,0.29924795031547546,0.18659612728595365,0.27722772277227725,False,0.05345320145472453,0.3069306930693069,False,0.3415890289740481,0.7326732673267327,False,0.052973950041546425,0.18811881188118812,False,0.39247484927986864,0.7326732673267327,False,-0.02598964582030528,0.40594059405940597,False
gse161529,12,GSE37301_LYMPHOID_PRIMED_MPP_VS_GRAN_MONO_PROGENITOR_UP,192,611,1677,0.5058580134367197,-0.2004251610840386,0.2328176498413086,0.33231366337484836,0.2079207920792079,False,0.07249617278546343,0.2376237623762376,False,0.5026032855144922,0.9801980198019802,False,0.0023569691694428968,0.33663366336633666,False,0.5560918564559532,0.2376237623762376,False,0.00763208463769304,0.22772277227722773,False
gse161529,12,BIOCARTA_TEL_PATHWAY,17,611,1677,0.46597819242353505,0.07774701317731636,0.324333518743515,0.15269768941179168,0.0594059405940594,False,0.044719355304683454,0.8811881188118812,False,0.28147508208133254,0.04950495049504951,True,0.01825884796846827,0.8316831683168316,False,0.3521268998175476,0.16831683168316833,False,0.007690085888472319,0.7029702970297029,False
gse161529,12,BIOCARTA_IGF1MTOR_PATHWAY,19,611,1677,0.3659648418148827,-0.04288245581609721,0.3472025394439697,0.1376747659132056,0.22772277227722773,False,0.015387881312759099,0.801980198019802,False,0.32600159083177815,0.594059405940594,False,-0.02194693288026412,0.9504950495049505,False,0.332657916795492,0.6336633663366337,False,0.035256784547817735,0.7722772277227723,False
gse161529,12,GSE30962_ACUTE_VS_CHRONIC_LCMV_SECONDARY_INF_CD8_TCELL_DN,198,611,1677,0.40628175974285363,-0.40223846468002455,0.16904468834400177,0.36092849600413435,0.801980198019802,False,0.11877254731518587,0.04950495049504951,True,0.2798824088470805,0.0594059405940594,False,-0.013444350634993055,0.04950495049504951,True,0.3375208127781891,0.33663366336633666,False,-0.0032832792315624347,0.04950495049504951,True
gse161529,12,GSE15930_NAIVE_VS_72H_IN_VITRO_STIM_TRICHOSTATINA_CD8_TCELL_DN,196,611,1677,0.6315617816422352,-0.13329314543399198,0.26657259464263916,0.3659497428729991,0.0594059405940594,False,0.09881691231671949,0.3465346534653465,False,0.6514538033899653,0.6237623762376238,False,-0.041685701761838945,0.5544554455445545,False,0.6768698852848024,0.13861386138613863,False,-0.09752912122856662,0.8316831683168316,False
gse161529,12,WP_AUTOPHAGY_IN_PANCREATIC_DUCTAL_ADENOCARCINOMA,20,611,1677,0.4219866911605751,0.005785617447668213,0.281436949968338,0.14030519830348115,0.10891089108910891,False,0.02139886910773652,0.9405940594059405,False,0.4649762602935539,0.6237623762376238,False,-0.011012184578023214,0.8712871287128713,False,0.43822187405824364,0.7722772277227723,False,-0.05394538439875435,0.7524752475247525,False
gse161529,12,REACTOME_SUMOYLATION_OF_CHROMATIN_ORGANIZATION_PROTEINS,56,611,1677,0.24720355757156107,-0.4081764846239809,0.2549811899662018,0.17960707148956456,0.7227722772277227,False,0.057433769341357854,0.0297029702970297,True,0.18597105684375548,0.5148514851485149,False,0.06195594881996613,0.019801980198019802,True,0.23938033567252115,0.9504950495049505,False,-0.0030574828545878955,0.039603960396039604,True
gse161529,12,REACTOME_HDR_THROUGH_MMEJ_ALT_NHEJ,12,611,1677,0.19974195978571366,-0.06735038046936324,0.16007612645626068,0.10698307196108446,0.6732673267326733,False,-0.033636027796044604,0.9108910891089109,False,0.05333858961961893,0.04950495049504951,True,0.01497636377250861,0.5148514851485149,False,0.0620537010248135,0.019801980198019802,True,0.01684967080914663,0.6039603960396039,False
gse161529,13,REACTOME_DOPAMINE_RECEPTORS,5,456,1677,-0.2297255236917663,-0.039393512441338596,,0.10983832392015536,0.039603960396039604,True,-0.0059181504348536675,0.7029702970297029,False,-0.23695087824031916,0.8514851485148515,False,-0.05542634692746436,0.7128712871287128,False,-0.2316084955198774,0.9108910891089109,False,-0.06023326986783496,0.6138613861386139,False
gse161529,13,REACTOME_DISEASES_ASSOCIATED_WITH_SURFACTANT_METABOLISM,10,456,1677,-0.28627057286019364,-0.20335311326974675,0.025819888338446617,0.1626881429891677,0.019801980198019802,True,0.019108818737294482,0.07920792079207921,False,-0.29289760288054034,0.8514851485148515,False,-0.07889735832272347,0.009900990099009901,True,-0.2773567039747734,0.8712871287128713,False,-0.07202768757683758,0.009900990099009901,True
gse161529,13,KEGG_ETHER_LIPID_METABOLISM,33,456,1677,0.10165966154058353,0.08125741958192703,0.08909197896718979,0.2752130218390835,0.1782178217821782,False,0.062192422806193845,0.900990099009901,False,0.1399092294811361,0.5742574257425742,False,0.027828870752044786,0.5742574257425742,False,0.147307561479156,0.48514851485148514,False,0.018107578471614837,0.39603960396039606,False
gse161529,13,BIOCARTA_EICOSANOID_PATHWAY,22,456,1677,-0.2603276109195518,-0.12304228981843125,0.033792831003665924,0.2116260675625713,0.009900990099009901,True,0.035601375926620535,0.16831683168316833,False,-0.2527463850467273,0.8613861386138614,False,-0.060650105048821915,0.27722772277227725,False,-0.24318598979956146,0.6039603960396039,False,-0.058883145240476505,0.25742574257425743,False
gse161529,13,REACTOME_ION_CHANNEL_TRANSPORT,183,456,1677,0.6608030650334862,0.22419004120532274,0.07857801765203476,0.5530297441993102,0.2376237623762376,False,0.1360428579748445,0.42574257425742573,False,0.5513766122458457,0.039603960396039604,True,0.14703619262089015,0.6336633663366337,False,0.5797722003016894,0.1188118811881188,False,0.11698913694497917,0.37623762376237624,False
gse161529,13,GSE41978_ID2_KO_AND_BIM_KO_VS_BIM_KO_KLRG1_LOW_EFFECTOR_CD8_TCELL_UP,193,456,1677,0.5486298513646898,0.05626246515073267,0.10254945605993271,0.5637949514741241,0.8910891089108911,False,0.12970809813171202,0.5148514851485149,False,0.5947936185799512,0.24752475247524752,False,0.13583033750031664,0.504950495049505,False,0.6070897858288514,0.07920792079207921,False,0.1856975637890998,0.31683168316831684,False
gse161529,13,BIOCARTA_IL1R_PATHWAY,31,456,1677,0.22853911238123828,-0.18464527905868397,0.09039070457220078,0.2930631304560629,0.6039603960396039,False,0.0687501434003255,0.0594059405940594,False,0.22699453010796689,0.9405940594059405,False,0.07109704328037927,0.09900990099009901,False,0.22112562470691044,0.900990099009901,False,0.046646012432608505,0.10891089108910891,False
gse161529,13,BIOCARTA_HSP27_PATHWAY,14,456,1677,0.15273254155434873,0.5031282329988251,0.08762264251708984,0.142527720683794,0.9306930693069307,False,0.02309390362970492,0.009900990099009901,True,0.21921707264206136,0.42574257425742573,False,0.08511118187650382,0.0594059405940594,False,0.264807158443964,0.1782178217821782,False,0.12016855493243203,0.06930693069306931,False
gse161529,13,BIOCARTA_NEUTROPHIL_PATHWAY,8,456,1677,0.3753305965208963,0.35513632818783364,0.0621800422668457,0.1570773879617242,0.1188118811881188,False,0.0035930604266877944,0.039603960396039604,True,0.27586514068928336,0.1782178217821782,False,0.11588023840237024,0.19801980198019803,False,0.2735419449140084,0.19801980198019803,False,0.12093285178767246,0.26732673267326734,False
gse161529,13,GSE17721_ALL_VS_24H_PAM3CSK4_BMDC_DN,194,456,1677,0.7349768664596047,0.19392502310946047,0.14281606674194336,0.5766369085929828,0.0594059405940594,False,0.14495603603784013,0.6138613861386139,False,0.7679206054824145,0.10891089108910891,False,0.21167912229846475,0.8613861386138614,False,0.784381855885661,0.019801980198019802,True,0.20691881935723447,0.8811881188118812,False
gse161529,13,WP_17P133_YWHAE_COPY_NUMBER_VARIATION,21,456,1677,0.5932558821939556,0.29315575009570594,0.24199558794498444,0.22833778728933882,0.009900990099009901,True,0.0732262622821404,0.06930693069306931,False,0.5239165046318444,0.2376237623762376,False,0.15471379240734445,0.2079207920792079,False,0.5676579248328959,0.49504950495049505,False,0.13516129673017668,0.12871287128712872,False
gse161529,13,BIOCARTA_TPO_PATHWAY,24,456,1677,0.460462221618825,-0.21319690054543533,0.1661931425333023,0.25350089758904887,0.13861386138613863,False,0.035078756310382625,0.07920792079207921,False,0.5148369449164204,0.24752475247524752,False,0.1335260558576479,0.019801980198019802,True,0.532752013060003,0.18811881188118812,False,0.12754602847830696,0.009900990099009901,True
gse161529,13,KEGG_SMALL_CELL_LUNG_CANCER,84,456,1677,0.5344090723890395,0.3326471368985467,0.1312842220067978,0.4085885087985818,0.25742574257425743,False,0.05200523842619706,0.0297029702970297,True,0.545826887823629,0.7722772277227723,False,0.10142462642410832,0.06930693069306931,False,0.5699153534258385,0.3564356435643564,False,0.09753601437334809,0.07920792079207921,False
gse161529,13,GSE32986_CURDLAN_LOWDOSE_VS_GMCSF_AND_CURDLAN_LOWDOSE_STIM_DC_UP,195,456,1677,0.3251109012080171,-0.07556246870463237,0.0865771695971489,0.5688694552878995,0.019801980198019802,True,0.1283311769163042,0.0594059405940594,False,0.38282740950543,0.38613861386138615,False,0.08518994544602879,0.13861386138613863,False,0.3953075956448583,0.2079207920792079,False,0.07127905695764034,0.15841584158415842,False
gse161529,13,WP_RANKLRANK_SIGNALING,55,456,1677,0.5602815802142609,-0.11347235623287404,0.12107289582490921,0.3157195585311109,0.0297029702970297,True,0.06778010620155456,0.1485148514851485,False,0.5604947109272387,1.0,False,0.1521775039094306,0.04950495049504951,True,0.5739879159162562,0.693069306930693,False,0.14101232998601743,0.0297029702970297,True
gse161529,13,GSE19401_UNSTIM_VS_RETINOIC_ACID_AND_PAM2CSK4_STIM_FOLLICULAR_DC_DN,196,456,1677,0.6295258965868157,0.22133932694162042,0.12181759625673294,0.579329837603699,0.5346534653465347,False,0.1305819818277188,0.46534653465346537,False,0.6659560855931066,0.21782178217821782,False,0.16107728388146536,0.5643564356435643,False,0.6901454133257727,0.019801980198019802,True,0.1590378734291974,0.40594059405940597,False
gse161529,13,REACTOME_TNF_SIGNALING,57,456,1677,0.642208413267419,0.0731870399130051,0.15068311989307404,0.3678653795702159,0.0297029702970297,True,0.07927156472531857,0.9405940594059405,False,0.5775454766186854,0.19801980198019803,False,0.11033859480551722,0.6831683168316832,False,0.5959066735261526,0.27722772277227725,False,0.11625625716070484,0.693069306930693,False
gse161529,13,BIOCARTA_NOTCH_PATHWAY,6,456,1677,0.19601577082975025,0.06840796261497464,0.1397983431816101,0.15430469819254222,0.8316831683168316,False,0.04549053033582118,0.7920792079207921,False,0.1695784684764016,0.6138613861386139,False,0.05037571858325632,0.8910891089108911,False,0.1671111711232232,0.5742574257425742,False,0.049083188224204016,0.8415841584158416,False
gse161529,13,BIOCARTA_NTHI_PATHWAY,23,456,1677,0.2736015957205239,-0.15296903337979426,0.1007380560040474,0.24788728950238115,0.8811881188118812,False,0.04785179399876663,0.13861386138613863,False,0.26667236670129,0.900990099009901,False,0.09117019240456857,0.09900990099009901,False,0.2705986392709539,0.9306930693069307,False,0.08816786374293673,0.0297029702970297,True
gse161529,13,HALLMARK_NOTCH_SIGNALING,32,456,1677,0.46187271583616696,0.3544530802221884,0.11849076300859451,0.25925334047763926,0.1188118811881188,False,0.056549388152927316,0.07920792079207921,False,0.4560366170744019,0.9504950495049505,False,0.11338461336596531,0.09900990099009901,False,0.45874617527337236,0.9603960396039604,False,0.16720631447911802,0.18811881188118812,False
gse161529,14,REACTOME_ORGANIC_ANION_TRANSPORT,5,337,1677,-0.25285274359079746,-0.002146575272714711,,0.04310735485397308,0.0594059405940594,False,0.02443996910666491,0.8415841584158416,False,-0.22162008422237658,0.40594059405940597,False,-0.049497485595990404,0.25742574257425743,False,-0.2156254132244806,0.22772277227722773,False,-0.03437221750215637,0.3465346534653465,False
gse161529,14,REACTOME_G_ALPHA_S_SIGNALLING_EVENTS,157,337,1677,0.21489839304019584,-0.5094353776397567,0.08372996002435684,0.21788483761323546,0.9801980198019802,False,0.003394482619473232,0.04950495049504951,True,0.04118557470522197,0.06930693069306931,False,-0.012153669250608625,0.0297029702970297,True,0.07861855514117241,0.1782178217821782,False,-0.06508236571589196,0.07920792079207921,False
gse161529,14,KEGG_CYTOSOLIC_DNA_SENSING_PATHWAY,53,337,1677,-0.31051800031441373,0.3374886517432597,0.17697757482528687,0.15324722595672607,0.019801980198019802,True,-0.008189563406965344,0.12871287128712872,False,0.07151667665776607,0.009900990099009901,True,-0.0490444248122131,0.1188118811881188,False,0.09105415023495289,0.009900990099009901,True,0.03918564915357244,0.2079207920792079,False
gse161529,14,WP_ZINC_HOMEOSTASIS,36,337,1677,-0.1463376874693431,0.07718777424326168,0.18766237795352936,0.1306313715770043,0.039603960396039604,True,0.03213100543819501,0.8514851485148515,False,0.12914648988931374,0.0297029702970297,True,-0.07816093745841665,0.5643564356435643,False,0.15299052116688203,0.019801980198019802,True,-0.064439245716171,0.5643564356435643,False
gse161529,14,BIOCARTA_DREAM_PATHWAY,13,337,1677,0.29772286706256895,0.005451627195405014,0.3921548128128052,0.07020068722231179,0.1782178217821782,False,-0.008777642779147367,0.9405940594059405,False,0.2783227117216035,0.8712871287128713,False,-0.13386067457953238,0.5742574257425742,False,0.3416776787924053,0.5544554455445545,False,-0.21807795723767281,0.37623762376237624,False
gse161529,14,KEGG_LONG_TERM_POTENTIATION,70,337,1677,0.178221064309435,0.17788777530080072,0.20721352100372314,0.17374226689215028,0.9702970297029703,False,0.013088884822421942,0.6039603960396039,False,0.21466971154007986,0.6732673267326733,False,-0.015247548108825986,0.36633663366336633,False,0.26584946036011614,0.27722772277227725,False,-0.047158507386310534,0.297029702970297,False
gse161529,14,KEGG_ALLOGRAFT_REJECTION,35,337,1677,-0.15232654006980162,0.6723701513092011,0.1478162556886673,0.08703340789183125,0.1485148514851485,False,0.04268254214176611,0.009900990099009901,True,0.31133273246878945,0.009900990099009901,True,-0.0008552643002070453,0.009900990099009901,True,0.3027539925667092,0.009900990099009901,True,0.05681521535573605,0.009900990099009901,True
gse161529,14,GSE3982_DC_VS_EFF_MEMORY_CD4_TCELL_DN,189,337,1677,0.022392102994943555,0.6510217624723372,0.1604512333869934,0.25376542873615165,0.1782178217821782,False,0.030199646484359743,0.009900990099009901,True,0.17334033966599482,0.10891089108910891,False,-0.02094091190966881,0.009900990099009901,True,0.19761850412792603,0.0594059405940594,False,0.07448649743777719,0.009900990099009901,True
gse161529,14,REACTOME_AMPK_INHIBITS_CHREBP_TRANSCRIPTIONAL_ACTIVATION_ACTIVITY,8,337,1677,-0.11031852763594101,0.0672998816111526,0.13982902467250824,0.0546218704519138,0.36633663366336633,False,0.034457461629963,0.8316831683168316,False,-0.07401121830584717,0.6534653465346535,False,0.04813341009514378,0.7425742574257426,False,-0.04723945167707154,0.3564356435643564,False,0.029496811738313655,0.6633663366336634,False
gse161529,14,GSE9509_10MIN_VS_30MIN_LPS_AND_IL10_STIM_IL10_KO_MACROPHAGE_DN,153,337,1677,0.16540646145020726,-0.08675702733489547,0.1615276336669922,0.2193152790452913,0.6831683168316832,False,0.045407454851680545,0.6237623762376238,False,-0.009250953244157908,0.0891089108910891,False,0.07877731763703297,0.44554455445544555,False,0.054185544676828325,0.1782178217821782,False,0.07360215015609589,0.37623762376237624,False
gse161529,14,GSE43955_TH0_VS_TGFB_IL6_IL23_TH17_ACT_CD4_TCELL_52H_DN,195,337,1677,0.27951697545786036,0.13170308311155185,0.23399251699447632,0.24686444788684075,0.8613861386138614,False,0.056455795165629916,0.7722772277227723,False,0.4371391813067875,0.04950495049504951,True,-0.00990643369146392,0.4752475247524752,False,0.4809799108783388,0.009900990099009901,True,-0.050989187913252715,0.42574257425742573,False
gse161529,14,WP_PHOTODYNAMIC_THERAPYINDUCED_NFE2L2_NRF2_SURVIVAL_SIGNALING,23,337,1677,0.3316613650457865,0.014215076518914365,0.21811476349830627,0.09916788881271923,0.1485148514851485,False,0.011660977995345864,1.0,False,0.29608168222488884,0.6732673267326733,False,-0.10153181082441443,0.6633663366336634,False,0.34846090119215334,0.801980198019802,False,-0.09531045088020161,0.6831683168316832,False
gse161529,14,GSE7219_UNSTIM_VS_LPS_AND_ANTI_CD40_STIM_DC_UP,170,337,1677,0.14473699784520114,-0.3652026480182937,0.13520365953445435,0.2498379100067872,0.504950495049505,False,0.0007129943755214159,0.06930693069306931,False,0.0180779561029854,0.1782178217821782,False,0.020711164684966088,0.0891089108910891,False,0.07624536701871981,0.46534653465346537,False,0.057299933327919106,0.039603960396039604,True
gse161529,14,GSE3565_CTRL_VS_LPS_INJECTED_DUSP1_KO_SPLENOCYTES_DN,170,337,1677,0.39779720696332843,-0.21626041292545867,0.1922890841960907,0.2176468194286799,0.15841584158415842,False,0.01497076141951778,0.3069306930693069,False,0.30225651728129105,0.27722772277227725,False,-0.0610350879817472,0.4158415841584158,False,0.3439502041694207,0.49504950495049505,False,0.01753270691346276,0.26732673267326734,False
gse161529,14,WP_TARGET_OF_RAPAMYCIN_SIGNALING,36,337,1677,0.33731796118433954,-0.04294081598963781,0.2490813434123993,0.08853155270096369,0.15841584158415842,False,0.019570849245368654,0.7821782178217822,False,0.33477266341318107,0.9801980198019802,False,-0.08816850164085782,0.801980198019802,False,0.3755623533542455,0.6237623762376238,False,-0.10375416629280226,0.7920792079207921,False
gse161529,14,GSE6674_CPG_VS_CPG_AND_ANTI_IGM_STIM_BCELL_UP,194,337,1677,0.44518938624681714,-0.15706453999614306,0.20800301432609558,0.25054011593479497,0.2079207920792079,False,0.003318840124165786,0.48514851485148514,False,0.5782537220291937,0.019801980198019802,True,-0.1919213978852985,0.7722772277227723,False,0.604302388871724,0.019801980198019802,True,-0.2579999796197867,0.5643564356435643,False
gse161529,14,GSE17721_LPS_VS_POLYIC_2H_BMDC_DN,197,337,1677,0.38705422598368117,-0.213211133526758,0.23675602674484253,0.2343738873577748,0.2871287128712871,False,0.08619501014092736,0.32673267326732675,False,0.3711159976148588,0.8217821782178217,False,-0.16197730151813036,0.801980198019802,False,0.39022175553002947,0.9306930693069307,False,-0.11068723665540944,0.6039603960396039,False
gse161529,14,REACTOME_TRANSCRIPTION_OF_E2F_TARGETS_UNDER_NEGATIVE_CONTROL_BY_P107_RBL1_AND_P130_RBL2_IN_COMPLEX_WITH_HDAC1,16,337,1677,0.03391002158997465,-0.13308264982970933,0.12035419046878815,0.08933838389932056,0.7722772277227723,False,0.002449939653562231,0.504950495049505,False,-0.02722935761353209,0.49504950495049505,False,-0.002181631204465424,0.36633663366336633,False,6.647922064818347e-05,0.594059405940594,False,0.009987356152013925,0.44554455445544555,False
gse161529,14,BIOCARTA_TSP1_PATHWAY,7,337,1677,0.16204419583519372,0.33407930851755546,0.3082733452320099,0.06768212613334643,0.5544554455445545,False,0.027529953840995963,0.21782178217821782,False,0.29707136396793316,0.15841584158415842,False,-0.19859509500167127,0.1188118811881188,False,0.2828376705706942,0.27722772277227725,False,-0.21446613052521746,0.07920792079207921,False
gse161529,14,KEGG_CIRCADIAN_RHYTHM_MAMMAL,12,337,1677,-0.14717504889475855,0.1054264635693995,0.13943934440612793,0.06602753376957621,0.16831683168316833,False,-0.01457541956773344,0.5841584158415841,False,-0.05717315749815374,0.3465346534653465,False,0.07078283968039498,0.8514851485148515,False,-0.07431379662234208,0.32673267326732675,False,0.08580424676736315,0.900990099009901,False
gse161529,15,REACTOME_TACHYKININ_RECEPTORS_BIND_TACHYKININS,5,336,1677,-0.224572440138033,-0.14210765401873499,,0.10534166354880087,0.019801980198019802,True,0.045524543437205044,0.04950495049504951,True,-0.14800266283451669,0.09900990099009901,False,-0.0613917936694241,0.07920792079207921,False,-0.14525517874223298,0.13861386138613863,False,-0.06563824037851845,0.12871287128712872,False
gse161529,15,WP_POSTCOVID_NEUROINFLAMMATION,23,336,1677,0.1786195335791253,0.10766864860588102,0.04114928096532822,0.24442523958376422,0.6039603960396039,False,0.09492792712814088,0.900990099009901,False,0.08403478807463022,0.27722772277227725,False,-0.00247377138364941,0.4752475247524752,False,0.10243424037402626,0.39603960396039606,False,0.012883202420182847,0.6039603960396039,False
gse161529,15,KEGG_HEDGEHOG_SIGNALING_PATHWAY,56,336,1677,-0.08082678713007223,-0.05120962419954355,0.04637723043560982,0.3525443162182952,0.009900990099009901,True,0.13986065016507188,0.0594059405940594,False,-0.05877722140564891,0.6534653465346535,False,-0.039310283020282166,0.8514851485148515,False,-0.07628789929037202,0.9306930693069307,False,-0.04079277080242433,0.8118811881188119,False
gse161529,15,GSE9037_WT_VS_IRAK4_KO_LPS_1H_STIM_BMDM_DN,193,336,1677,0.2924221285082468,0.14524592150195395,0.07960960268974304,0.5874519656212771,0.009900990099009901,True,0.21682201934068956,0.26732673267326734,False,0.46301353807318435,0.0297029702970297,True,0.14362291816564898,0.9603960396039604,False,0.46037302568561944,0.009900990099009901,True,0.15867065138987516,0.9108910891089109,False
gse161529,15,BIOCARTA_MONOCYTE_PATHWAY,11,336,1677,0.2974869830273944,0.39043829389294177,0.10370150953531265,0.17384773295040734,0.33663366336633666,False,0.06431424373942018,0.009900990099009901,True,0.2875713192779896,0.9108910891089109,False,0.08787744193800306,0.039603960396039604,True,0.26880508365764266,0.8316831683168316,False,0.08333807098827622,0.15841584158415842,False
gse161529,15,KEGG_GALACTOSE_METABOLISM,25,336,1677,0.07818474629127234,0.049457968210106784,0.1154288575053215,0.22245507882027196,0.3069306930693069,False,0.06411222083207799,0.900990099009901,False,0.12231487741032379,0.40594059405940597,False,0.03335083356975181,0.7623762376237624,False,0.11926503994064411,0.37623762376237624,False,0.046452099767685606,0.9702970297029703,False
gse161529,15,BIOCARTA_CHREBP_PATHWAY,19,336,1677,0.22491512230554525,0.15987888391209296,0.08328434079885483,0.22459907235511653,1.0,False,0.06634789554043533,0.25742574257425743,False,0.256700852841382,0.5643564356435643,False,0.09227282829711203,0.504950495049505,False,0.26405420870415086,0.5445544554455446,False,0.08895105605668831,0.48514851485148514,False
gse161529,15,KEGG_GRAFT_VERSUS_HOST_DISEASE,37,336,1677,0.4763943756001207,0.457923617498088,0.13736595213413239,0.3039332561105547,0.10891089108910891,False,0.0850206802937846,0.009900990099009901,True,0.355877273067694,0.1782178217821782,False,0.13115965608358163,0.039603960396039604,True,0.3568843786489815,0.12871287128712872,False,0.0505331660235723,0.019801980198019802,True
gse161529,15,REACTOME_JOSEPHIN_DOMAIN_DUBS,12,336,1677,0.5822376977630259,0.13372872862750249,0.3480142056941986,0.1815213794828554,0.009900990099009901,True,0.06331351168310241,0.42574257425742573,False,0.5213369809904709,0.46534653465346537,False,0.19902244004625053,0.6732673267326733,False,0.5362823122150562,0.5247524752475248,False,0.16446780018818768,0.801980198019802,False
gse161529,15,BIOCARTA_NOS1_PATHWAY,21,336,1677,0.3842486770887167,0.13661749850152327,0.07959757000207901,0.24936185299347316,0.297029702970297,False,0.07890766615535519,0.5841584158415841,False,0.3716401563939523,0.8811881188118812,False,0.1355015126788841,1.0,False,0.378673107929423,0.9504950495049505,False,0.11617291122403142,0.9306930693069307,False
gse161529,15,GSE40274_CTRL_VS_GATA1_TRANSDUCED_ACTIVATED_CD4_TCELL_DN,159,336,1677,0.5347528253106623,0.08936783527293041,0.10917111486196518,0.5581520170732597,0.801980198019802,False,0.21863353406859914,0.15841584158415842,False,0.6187338386888279,0.07920792079207921,False,0.23963103497409272,0.07920792079207921,False,0.6200330705464805,0.04950495049504951,True,0.24897704378458563,0.06930693069306931,False
gse161529,15,REACTOME_CD163_MEDIATING_AN_ANTI_INFLAMMATORY_RESPONSE,9,336,1677,0.24093118647870854,0.2024320534415682,0.07981785386800766,0.17401189892809033,0.6039603960396039,False,0.0499249122909495,0.10891089108910891,False,0.21209594185112474,0.7326732673267327,False,0.0742257154405,0.38613861386138615,False,0.2246110556923413,0.8514851485148515,False,0.11103789565161787,0.43564356435643564,False
gse161529,15,HALLMARK_UV_RESPONSE_UP,156,336,1677,0.56308972700646,-0.059503620581673786,0.1152070164680481,0.5363624118540075,0.7821782178217822,False,0.22070712706029533,0.009900990099009901,True,0.6865491216450641,0.009900990099009901,True,0.31887854053455894,0.009900990099009901,True,0.6821232859073442,0.009900990099009901,True,0.28973905579807546,0.009900990099009901,True
gse161529,15,GSE17721_LPS_VS_POLYIC_24H_BMDC_UP,194,336,1677,0.7036254420637088,0.16684786911223343,0.1293685883283615,0.5944108674902844,0.21782178217821782,False,0.23505686006457588,0.39603960396039606,False,0.7152131190176324,0.6633663366336634,False,0.2952442170405739,0.039603960396039604,True,0.7232890843051814,0.39603960396039606,False,0.2946982325864288,0.06930693069306931,False
gse161529,15,HALLMARK_TNFA_SIGNALING_VIA_NFKB,198,336,1677,0.5127507493976639,-0.16579455671472254,0.12953810393810272,0.5996816164398758,0.27722772277227725,False,0.23557764611196041,0.009900990099009901,True,0.7997154979282572,0.009900990099009901,True,0.3374616169040834,0.009900990099009901,True,0.8029264807041598,0.009900990099009901,True,0.32856076474684903,0.009900990099009901,True
gse161529,15,REACTOME_M_PHASE,353,336,1677,0.8117594181780642,0.29833652292847124,0.14101076126098633,0.6967015382631827,0.04950495049504951,True,0.277629991485487,0.8316831683168316,False,0.8455518491606584,0.04950495049504951,True,0.33576396585735224,0.5445544554455446,False,0.8461382050529053,0.0594059405940594,False,0.3272201140155739,0.6138613861386139,False
gse161529,15,BIOCARTA_NTHI_PATHWAY,23,336,1677,0.22607753945467243,-0.08440863371311286,0.09136968106031418,0.2494737707661602,0.8613861386138614,False,0.0738199520579404,0.12871287128712872,False,0.33285342147088115,0.10891089108910891,False,0.12959711392852297,0.019801980198019802,True,0.3053937485802892,0.19801980198019803,False,0.12816956119247502,0.0594059405940594,False
gse161529,15,GSE18791_UNSTIM_VS_NEWCATSLE_VIRUS_DC_10H_UP,195,336,1677,0.49576817628908637,0.25798444903944406,0.09053318202495575,0.6040185552199127,0.13861386138613863,False,0.2378749495026944,0.7920792079207921,False,0.5142416522647832,0.6633663366336634,False,0.21695179323663288,0.46534653465346537,False,0.5055245519497407,0.8217821782178217,False,0.2215819921630265,0.43564356435643564,False
gse161529,15,REACTOME_NFE2L2_REGULATES_PENTOSE_PHOSPHATE_PATHWAY_GENES,8,336,1677,0.3204223915862827,0.13977503065891358,0.18531489372253418,0.14862791006596127,0.18811881188118812,False,0.055404283784391516,0.4158415841584158,False,0.2688418348977186,0.31683168316831684,False,0.11164381982802977,0.6732673267326733,False,0.2785633331885904,0.48514851485148514,False,0.10605036566742801,0.5742574257425742,False
gse161529,15,REACTOME_TRANSCRIPTIONAL_REGULATION_BY_SMALL_RNAS,46,336,1677,0.27868725140221945,0.11156479414247504,0.13394573330879211,0.34474825109323026,0.5841584158415841,False,0.11904388053762383,0.9405940594059405,False,0.46226595843006685,0.019801980198019802,True,0.181368188160886,0.33663366336633666,False,0.47606852246948583,0.009900990099009901,True,0.17842279772911013,0.36633663366336633,False
gse161529,16,REACTOME_DOPAMINE_RECEPTORS,5,256,1677,-0.27985526221874035,-0.18065768003638427,,0.12689293852600095,0.019801980198019802,True,0.07274896615217087,0.06930693069306931,False,-0.20392017541283314,0.10891089108910891,False,-0.13260156882915491,0.40594059405940597,False,-0.21579019120897575,0.09900990099009901,False,-0.14375583027445302,0.48514851485148514,False
gse161529,16,REACTOME_TRANSPORT_OF_BILE_SALTS_AND_ORGANIC_ACIDS_METAL_IONS_AND_AMINE_COMPOUNDS,84,256,1677,-0.18144428929002482,-0.13046312130078008,0.10079608112573624,0.45876342242217705,0.009900990099009901,True,0.2655505284213263,0.009900990099009901,True,-0.0490705102681786,0.06930693069306931,False,-0.028443457021084077,0.25742574257425743,False,-0.06739006354014404,0.1485148514851485,False,-0.0404655845464114,0.36633663366336633,False
gse161529,16,GSE21546_UNSTIM_VS_ANTI_CD3_STIM_ELK1_KO_DP_THYMOCYTES_DN,168,256,1677,0.27132189651842786,0.27402338675406007,0.09621688723564148,0.609906999926006,0.009900990099009901,True,0.379297781385127,0.24752475247524752,False,0.287994271441115,0.7920792079207921,False,0.20018341319344707,0.43564356435643564,False,0.2475869706345303,0.7920792079207921,False,0.16781863402953284,0.26732673267326734,False
gse161529,16,WP_DENGUE2_INTERACTIONS_WITH_COMPLEMENT_AND_COAGULATION_CASCADES,59,256,1677,0.3290466003846672,0.2821340650999391,0.16185836493968964,0.40939717872333303,0.504950495049505,False,0.2309783294325831,0.7524752475247525,False,0.2960751786480974,0.6336633663366337,False,0.19116604912009671,0.37623762376237624,False,0.31334413575225023,0.8910891089108911,False,0.19164270669414238,0.43564356435643564,False
gse161529,16,REACTOME_COLLAGEN_DEGRADATION,64,256,1677,0.32710089022603356,0.7272657696741457,0.1538292020559311,0.40852802389164705,0.5544554455445545,False,0.2354817596591228,0.009900990099009901,True,0.5327644437080385,0.009900990099009901,True,0.30903094351528415,0.009900990099009901,True,0.5399922089653574,0.019801980198019802,True,0.31814881057324884,0.009900990099009901,True
gse161529,16,REACTOME_NPAS4_REGULATES_EXPRESSION_OF_TARGET_GENES,21,256,1677,0.30228425442386164,0.20912238734518374,0.17853520810604095,0.2668443000155347,0.7722772277227723,False,0.1689266231484159,0.7722772277227723,False,0.33475471919886035,0.6831683168316832,False,0.25268187560921235,0.6633663366336634,False,0.34107823856755876,0.6435643564356436,False,0.23777527118193187,0.7722772277227723,False
gse161529,16,BIOCARTA_SKP2E2F_PATHWAY,10,256,1677,0.3172756520594427,0.1707840999315361,0.16053292155265808,0.19868620125887632,0.38613861386138615,False,0.11690981648934312,0.7029702970297029,False,0.24809687625582827,0.36633663366336633,False,0.16702527864323558,0.9504950495049505,False,0.25198779097341817,0.4752475247524752,False,0.17860842337921073,0.9207920792079208,False
gse161529,16,GSE4748_CYANOBACTERIUM_LPSLIKE_VS_LPS_AND_CYANOBACTERIUM_LPSLIKE_STIM_DC_3H_UP,184,256,1677,0.5738652386109045,0.35821132521231924,0.13008053600788116,0.6086472471115225,0.7029702970297029,False,0.34809068905877316,0.9306930693069307,False,0.578279396242859,0.9108910891089109,False,0.32625806308686645,0.7326732673267327,False,0.5859447906100599,0.8514851485148515,False,0.33977782740935025,0.8118811881188119,False
gse161529,16,GSE22935_WT_VS_MYD88_KO_MACROPHAGE_12H_MBOVIS_BCG_STIM_DN,198,256,1677,0.6712446296709232,0.5153945108272069,0.16124920547008514,0.6233806863280433,0.5643564356435643,False,0.35349891640504805,0.06930693069306931,False,0.6985828900035265,0.4158415841584158,False,0.45032115472648204,0.4158415841584158,False,0.7126489995217506,0.21782178217821782,False,0.4583354829119926,0.39603960396039606,False
gse161529,16,KEGG_TERPENOID_BACKBONE_BIOSYNTHESIS,15,256,1677,0.1543033930812747,0.14958943500152044,0.1860760897397995,0.23248344505419472,0.5742574257425742,False,0.129064363047133,0.8910891089108911,False,0.1498811387266497,0.9207920792079208,False,0.11033866137299578,0.6732673267326733,False,0.16779143016180953,0.8514851485148515,False,0.1188777521158788,0.7128712871287128,False
gse161529,16,KEGG_PHOSPHATIDYLINOSITOL_SIGNALING_SYSTEM,76,256,1677,0.47223234527446134,0.4497519633182807,0.14627507328987122,0.43811558972381603,0.7722772277227723,False,0.28229145121404736,0.16831683168316833,False,0.3732346582298275,0.12871287128712872,False,0.2391083840061114,0.0297029702970297,True,0.4000991719644877,0.33663366336633666,False,0.27136661510313664,0.0594059405940594,False
gse161529,16,BIOCARTA_MAL_PATHWAY,19,256,1677,0.5401063816608124,0.4178764241712152,0.24657414853572845,0.22060619087166383,0.019801980198019802,True,0.12765338335037293,0.039603960396039604,True,0.4853856198125778,0.43564356435643564,False,0.3311906111082708,0.46534653465346537,False,0.5050273458298971,0.6237623762376238,False,0.35852758943278495,0.5346534653465347,False
gse161529,16,GSE7852_LN_VS_FAT_TREG_DN,197,256,1677,0.7309030137204342,0.5535087788316667,0.16603824496269226,0.626997501389006,0.297029702970297,False,0.34050203502340093,0.039603960396039604,True,0.7317614812386388,0.9603960396039604,False,0.47115896523786727,0.22772277227722773,False,0.7505215656529212,0.5643564356435643,False,0.47327073912304696,0.2079207920792079,False
gse161529,16,GSE22886_NAIVE_TCELL_VS_NKCELL_DN,195,256,1677,0.6934240628843612,0.6687001704839101,0.1903318464756012,0.6414935261195385,0.46534653465346537,False,0.36400412447440306,0.009900990099009901,True,0.7680906847278615,0.0297029702970297,True,0.44460128663261256,0.009900990099009901,True,0.7705764937762134,0.019801980198019802,True,0.4684177891073155,0.009900990099009901,True
gse161529,16,REACTOME_PROCESSING_OF_DNA_DOUBLE_STRAND_BREAK_ENDS,63,256,1677,0.5797945674598878,0.19615050503209405,0.15271735191345215,0.4263005605087613,0.21782178217821782,False,0.251596967801505,0.6039603960396039,False,0.521196120308608,0.37623762376237624,False,0.32298026023922816,0.27722772277227725,False,0.5255957011125507,0.38613861386138615,False,0.2897918179903402,0.31683168316831684,False
gse161529,16,BIOCARTA_CXCR4_PATHWAY,19,256,1677,0.3232701826811999,0.4275502992440339,0.21251118183135986,0.22782630930846004,0.45544554455445546,False,0.13206451913008277,0.04950495049504951,True,0.2960149171272948,0.7524752475247525,False,0.21247284232384503,0.019801980198019802,True,0.312320437488114,0.8910891089108911,False,0.22337484960652026,0.039603960396039604,True
gse161529,16,REACTOME_M_PHASE,353,256,1677,0.805199291888632,0.37748698214694426,0.20388667285442352,0.7199437118836524,0.0891089108910891,False,0.4368508955138474,0.5148514851485149,False,0.8420738053803312,0.0594059405940594,False,0.5221226689898868,0.019801980198019802,True,0.848450060388592,0.009900990099009901,True,0.529166475566198,0.009900990099009901,True
gse161529,16,WP_MRNA_PROCESSING,125,256,1677,0.8488837953813627,0.471410518605974,0.2904331684112549,0.5282327167581733,0.009900990099009901,True,0.3401990928760597,0.297029702970297,False,0.8495576819301259,0.9504950495049505,False,0.5313484917900548,0.24752475247524752,False,0.8582354821755167,0.48514851485148514,False,0.5504807083963168,0.1188118811881188,False
gse161529,16,BIOCARTA_TERC_PATHWAY,6,256,1677,0.04908130529371035,0.03791586062643108,0.1733005940914154,0.1724055265658796,0.43564356435643564,False,0.08995454958494872,0.6237623762376238,False,0.11295837451876892,0.3069306930693069,False,0.08187893980856595,0.5643564356435643,False,0.11325563350361241,0.2079207920792079,False,0.0873206809736491,0.5643564356435643,False
gse161529,16,GSE7348_UNSTIM_VS_TOLERIZED_AND_LPS_STIM_MACROPHAGE_UP,157,256,1677,0.2504848184991691,0.3285617290430015,0.1381719410419464,0.6014774604873823,0.009900990099009901,True,0.34837929909439025,0.8514851485148515,False,0.3345614209205924,0.1188118811881188,False,0.22967705251577342,0.12871287128712872,False,0.31007986350377514,0.36633663366336633,False,0.2048664083513687,0.1188118811881188,False
gse161529,2,REACTOME_ORGANIC_ANION_TRANSPORT,5,4000,1677,-0.2823867094513009,0.22168361137426362,,0.04431045623355584,0.13861386138613863,False,-0.0357186753015936,0.12871287128712872,False,-0.27319494628492696,0.3465346534653465,False,0.21802027210243663,0.7128712871287128,False,-0.27351532772905673,0.42574257425742573,False,0.21726113075843928,0.8118811881188119,False
gse161529,2,KEGG_METABOLISM_OF_XENOBIOTICS_BY_CYTOCHROME_P450,68,4000,1677,0.5354815806717337,-0.498896420328173,0.06655102968215942,0.39472037560439766,0.5247524752475248,False,-0.31369827879631895,0.37623762376237624,False,0.4228241340401948,0.26732673267326734,False,-0.3242063462318193,0.1188118811881188,False,0.49775536920795604,0.5544554455445545,False,-0.3716131567879608,0.1188118811881188,False
gse161529,2,WP_GLUCOCORTICOID_BIOSYNTHESIS,14,4000,1677,-0.3531281541081083,0.20229801158661342,0.00936028640717268,0.20327302140875328,0.009900990099009901,True,-0.13409296976208512,0.07920792079207921,False,-0.36034895525074806,0.7029702970297029,False,0.27527955361242035,0.019801980198019802,True,-0.3578458590306959,0.8217821782178217,False,0.27959203130881516,0.019801980198019802,True
gse161529,2,WP_METABOLISM_OF_ALPHALINOLENIC_ACID,6,4000,1677,-0.1856632528371428,0.2099798958966167,0.027835095301270485,0.004915471926894872,0.37623762376237624,False,-0.031092071025361264,0.15841584158415842,False,-0.18496535152516927,0.9801980198019802,False,0.14691480282759073,0.1188118811881188,False,-0.18907970194675988,0.801980198019802,False,0.15272117712127742,0.06930693069306931,False
gse161529,2,GSE11924_TH1_VS_TH17_CD4_TCELL_UP,195,4000,1677,0.3564058920093013,-0.3534810046381966,0.08943884074687958,0.5867314564474204,0.0891089108910891,False,-0.4472996425200093,0.43564356435643564,False,0.38577764365378897,0.8217821782178217,False,-0.3230699083747158,0.801980198019802,False,0.4934197826870096,0.12871287128712872,False,-0.37069519805936163,0.9207920792079208,False
gse161529,2,REACTOME_PLATELET_HOMEOSTASIS,85,4000,1677,0.6627053814253525,-0.48151825521494684,0.09637314826250076,0.45177453477317886,0.2871287128712871,False,-0.35004898489514713,0.38613861386138615,False,0.45512734459988724,0.039603960396039604,True,-0.37880467731630224,0.2871287128712871,False,0.5159983516734958,0.04950495049504951,True,-0.3942207206581019,0.24752475247524752,False
gse161529,2,REACTOME_DEFECTIVE_B4GALT7_CAUSES_EDS_PROGEROID_TYPE,20,4000,1677,0.12748441515465847,-0.15163572686435559,0.09409218281507492,0.19107091140794677,0.7227722772277227,False,-0.15358278409226572,0.9702970297029703,False,0.2291165651272504,0.4158415841584158,False,-0.17870727892989713,0.7722772277227723,False,0.32406883942628156,0.04950495049504951,True,-0.21164552611801185,0.46534653465346537,False
gse161529,2,HALLMARK_MYOGENESIS,198,4000,1677,0.5086258981221221,-0.3397183591399432,0.07641589641571045,0.6222720878789985,0.3564356435643564,False,-0.47016064612289865,0.24752475247524752,False,0.5551015853140484,0.5148514851485149,False,-0.43257492936680314,0.2871287128712871,False,0.626204695298652,0.039603960396039604,True,-0.45066137581764587,0.1485148514851485,False
gse161529,2,KEGG_GALACTOSE_METABOLISM,25,4000,1677,-0.06541308206169116,0.0972316448229395,0.12441181391477585,0.24175470329544008,0.1485148514851485,False,-0.18562425110105646,0.06930693069306931,False,-0.023084548076007252,0.5346534653465347,False,0.007269037351734788,0.1188118811881188,False,0.06489389344780248,0.0891089108910891,False,-0.0027107921245516056,0.12871287128712872,False
gse161529,2,GSE24972_WT_VS_IRF8_KO_MARGINAL_ZONE_SPLEEN_BCELL_UP,194,4000,1677,0.5891972342382574,-0.35572023101804867,0.16174377501010895,0.591851778231843,0.9702970297029703,False,-0.46130902956838105,0.39603960396039606,False,0.7014501034840432,0.10891089108910891,False,-0.5395800174578156,0.019801980198019802,True,0.7489687214076897,0.009900990099009901,True,-0.5633756203504707,0.009900990099009901,True
gse161529,2,GSE3982_CTRL_VS_IGE_STIM_MAST_CELL_UP,194,4000,1677,0.7637130944763582,-0.4382338265402776,0.19629690051078796,0.6068359124497251,0.19801980198019803,False,-0.4791464401555132,0.7524752475247525,False,0.816155181186347,0.19801980198019803,False,-0.6269722810760732,0.009900990099009901,True,0.846951709286973,0.009900990099009901,True,-0.6474968311189866,0.009900990099009901,True
gse161529,2,GSE14908_ATOPIC_VS_NONATOPIC_PATIENT_HDM_STIM_CD4_TCELL_UP,194,4000,1677,0.8180446161704421,-0.721987253865845,0.20483539998531342,0.5708821949953782,0.04950495049504951,True,-0.4631112982434771,0.0297029702970297,True,0.8393810303569504,0.5247524752475248,False,-0.6626701653404317,0.12871287128712872,False,0.8642573979242467,0.009900990099009901,True,-0.6677457665015755,0.0594059405940594,False
gse161529,2,KEGG_RENAL_CELL_CARCINOMA,70,4000,1677,0.7371531163549823,-0.5062074896768038,0.19170548021793365,0.4158297369165555,0.13861386138613863,False,-0.3092044361832469,0.26732673267326734,False,0.6430223413336977,0.24752475247524752,False,-0.5116285592635231,0.900990099009901,False,0.7170282047493024,0.6435643564356436,False,-0.5590854240316351,0.33663366336633666,False
gse161529,2,GSE46606_IRF4HIGH_VS_WT_CD40L_IL2_IL5_DAY3_STIMULATED_BCELL_UP,194,4000,1677,0.7258561249583064,-0.4645341273238482,0.21316811442375183,0.6217402493206498,0.38613861386138615,False,-0.49001175443032485,0.8910891089108911,False,0.8103945738543831,0.0594059405940594,False,-0.6323655863575214,0.009900990099009901,True,0.8524268738329508,0.009900990099009901,True,-0.6379285632661504,0.009900990099009901,True
gse161529,2,GSE15330_WT_VS_IKAROS_KO_GRANULOCYTE_MONOCYTE_PROGENITOR_UP,195,4000,1677,0.6767235767512413,-0.619129850333646,0.17332258820533752,0.5847855849276877,0.5346534653465347,False,-0.45544847637437225,0.16831683168316833,False,0.7341253401546406,0.22772277227722773,False,-0.5583101328764721,0.297029702970297,False,0.7242525453024384,0.21782178217821782,False,-0.5622199485715491,0.26732673267326734,False
gse161529,2,GSE27786_LSK_VS_ERYTHROBLAST_UP,196,4000,1677,0.5826619004957214,-0.48426118673022306,0.1781056970357895,0.607301546858724,0.8910891089108911,False,-0.4770353583631536,0.9603960396039604,False,0.5911695717425596,0.900990099009901,False,-0.4576406904290795,0.7326732673267327,False,0.6561246966129817,0.0594059405940594,False,-0.4906738368673742,0.9405940594059405,False
gse161529,2,GSE14000_4H_VS_16H_LPS_DC_TRANSLATED_RNA_UP,193,4000,1677,0.6218855683545726,-0.320687608584034,0.13433942198753357,0.5951903477129178,0.8415841584158416,False,-0.4688707201808041,0.22772277227722773,False,0.7126474519115498,0.1188118811881188,False,-0.5499010338127291,0.019801980198019802,True,0.75715623435309,0.009900990099009901,True,-0.575496880673679,0.009900990099009901,True
gse161529,2,BIOCARTA_TCAPOPTOSIS_PATHWAY,9,4000,1677,-0.30628376349116365,0.23254642629567285,0.025432152673602104,0.12026002256993668,0.06930693069306931,False,-0.0982837227313215,0.06930693069306931,False,-0.31854640897512365,0.297029702970297,False,0.24832132517936967,0.32673267326732675,False,-0.31624321532946265,0.48514851485148514,False,0.24689215218894273,0.32673267326732675,False
gse161529,2,REACTOME_MITOTIC_TELOPHASE_CYTOKINESIS,13,4000,1677,0.5228706734955301,-0.3650921573640478,0.24932189285755157,0.20813669446733835,0.13861386138613863,False,-0.1343539148000329,0.18811881188118812,False,0.3593285943261051,0.10891089108910891,False,-0.27454134553783227,0.2376237623762376,False,0.4450553176910521,0.1782178217821782,False,-0.2985821253589682,0.25742574257425743,False
gse161529,2,WP_IRONSULFUR_CLUSTER_BIOGENESIS,14,4000,1677,0.25843272891500324,-0.2509859875271129,0.24288977682590485,0.1975178926355755,0.7821782178217822,False,-0.14919805440482778,0.6336633663366337,False,0.25838069147803944,1.0,False,-0.18068346028872273,0.25742574257425743,False,0.17512201883901474,0.16831683168316833,False,-0.1833581360663246,0.297029702970297,False
gse161529,3,REACTOME_THE_RETINOID_CYCLE_IN_CONES_DAYLIGHT_VISION,7,3282,1677,-0.07287485078052491,0.02577795678654126,,0.13130546568445567,0.2079207920792079,False,-0.06120374503116331,0.48514851485148514,False,-0.06244259572330824,0.5643564356435643,False,0.042163283072356554,0.6831683168316832,False,-0.06633479060714478,0.7722772277227723,False,0.049242162653250585,0.6237623762376238,False
gse161529,3,BIOCARTA_CREM_PATHWAY,6,3282,1677,0.12159141832967567,-0.11490078943709764,0.054420292377471924,0.09625532132496283,0.801980198019802,False,-0.06220475528596091,0.5841584158415841,False,0.1515620342032094,0.6237623762376238,False,-0.10189024815125253,0.9108910891089109,False,0.18927202200902704,0.21782178217821782,False,-0.1202108907787297,0.9306930693069307,False
gse161529,3,WP_SUDDEN_INFANT_DEATH_SYNDROME_SIDS_SUSCEPTIBILITY_PATHWAYS,155,3282,1677,0.5776602246135655,-0.42804251868749976,0.09691981226205826,0.5214792288135854,0.6237623762376238,False,-0.3742479534100632,0.7128712871287128,False,0.6567993945285892,0.09900990099009901,False,-0.47348303432945893,0.6237623762376238,False,0.6925371444591344,0.019801980198019802,True,-0.51940741787956,0.37623762376237624,False
gse161529,3,GSE4142_NAIVE_VS_MEMORY_BCELL_UP,194,3282,1677,0.14152824980573003,-0.226217351994865,0.050921157002449036,0.585630796856642,0.009900990099009901,True,-0.43196775447706937,0.10891089108910891,False,0.2010183416856644,0.42574257425742573,False,-0.16065788601464315,0.5544554455445545,False,0.2205807232046806,0.33663366336633666,False,-0.18729348797041317,0.7920792079207921,False
gse161529,3,REACTOME_FORMATION_OF_TUBULIN_FOLDING_INTERMEDIATES_BY_CCT_TRIC,26,3282,1677,0.5650949890060533,-0.38966426252417674,0.16746187210083008,0.22905756245540682,0.0297029702970297,True,-0.18015206535370035,0.16831683168316833,False,0.4919660981179961,0.24752475247524752,False,-0.33905312038201313,0.6138613861386139,False,0.5616581366800926,0.9207920792079208,False,-0.4524617214990668,0.49504950495049505,False
gse161529,3,KEGG_SYSTEMIC_LUPUS_ERYTHEMATOSUS,54,3282,1677,0.6990256736114786,-0.8902117347169375,0.24399122595787048,0.32263617411670353,0.009900990099009901,True,-0.21930570948044553,0.009900990099009901,True,0.8023318353060076,0.009900990099009901,True,-0.5776063251854656,0.009900990099009901,True,0.8318555473058615,0.019801980198019802,True,-0.6210999134078525,0.019801980198019802,True
gse161529,3,HALLMARK_BILE_ACID_METABOLISM,112,3282,1677,0.2531466302007776,-0.22427985318057192,0.06370022147893906,0.4809016333806349,0.0594059405940594,False,-0.359881638306794,0.2376237623762376,False,0.259193743409195,0.9207920792079208,False,-0.23459070091983492,0.900990099009901,False,0.3037206398188553,0.25742574257425743,False,-0.24661806754208876,0.7920792079207921,False
gse161529,3,KEGG_PYRUVATE_METABOLISM,40,3282,1677,0.6382285318088349,-0.5417290992169886,0.14691124856472015,0.3039581081279114,0.019801980198019802,True,-0.20362368210385434,0.019801980198019802,True,0.4828259167224439,0.039603960396039604,True,-0.3595071466697929,0.1188118811881188,False,0.5454571756599687,0.10891089108910891,False,-0.43707358414552155,0.26732673267326734,False
gse161529,3,GSE6269_STAPH_AUREUS_VS_STREP_PNEUMO_INF_PBMC_UP,163,3282,1677,0.6229887973886928,-0.5453939011488662,0.09620897471904755,0.5292956505520161,0.37623762376237624,False,-0.38251032587252765,0.2079207920792079,False,0.5731800113979304,0.31683168316831684,False,-0.43298330812300834,0.15841584158415842,False,0.6154236171167239,0.8118811881188119,False,-0.4813970169392465,0.33663366336633666,False
gse161529,3,REACTOME_PURINE_SALVAGE,13,3282,1677,0.22867631750612408,-0.08309571914396767,0.11917678266763687,0.13938229440482153,0.6138613861386139,False,-0.12486625628399303,0.7722772277227723,False,0.24738275518521213,0.7920792079207921,False,-0.1789414078601276,0.3069306930693069,False,0.2321135467187262,0.9603960396039604,False,-0.16391579219095412,0.31683168316831684,False
gse161529,3,GSE6259_FLT3L_INDUCED_DEC205_POS_DC_VS_CD4_TCELL_UP,161,3282,1677,0.66682987082844,-0.4877831236130347,0.12892022728919983,0.5457309312146772,0.25742574257425743,False,-0.3879497326629064,0.42574257425742573,False,0.7031150348686332,0.26732673267326734,False,-0.530127817476598,0.49504950495049505,False,0.7254295865483298,0.009900990099009901,True,-0.5575186043985345,0.18811881188118812,False
gse161529,3,GSE19401_UNSTIM_VS_RETINOIC_ACID_STIM_FOLLICULAR_DC_UP,194,3282,1677,0.8596000074646799,-0.6660174653102573,0.20256145298480988,0.5680698896517489,0.019801980198019802,True,-0.41252500574993295,0.04950495049504951,True,0.885650512778192,0.0891089108910891,False,-0.6432601310754348,0.5742574257425742,False,0.8944057829660369,0.009900990099009901,True,-0.6652230389886622,0.9207920792079208,False
gse161529,3,WP_INSULIN_SIGNALING,160,3282,1677,0.5950556140357075,-0.5206962750538682,0.10940581560134888,0.5399425419522943,0.5643564356435643,False,-0.38198029490222346,0.2376237623762376,False,0.6654208588175003,0.09900990099009901,False,-0.5175914961335344,0.9702970297029703,False,0.7010062295380022,0.009900990099009901,True,-0.5507625056132543,0.6138613861386139,False
gse161529,3,GSE27786_LSK_VS_ERYTHROBLAST_UP,196,3282,1677,0.6455057329232107,-0.45524393920157563,0.11566898971796036,0.5802175986124011,0.5643564356435643,False,-0.4063105460141908,0.6831683168316832,False,0.6747234725026533,0.32673267326732675,False,-0.5409484552998656,0.1782178217821782,False,0.7015511316601972,0.0594059405940594,False,-0.5552070889698217,0.1188118811881188,False
gse161529,3,GSE29618_BCELL_VS_MONOCYTE_DN,198,3282,1677,0.8484751910597608,-0.7206722449342874,0.28132686018943787,0.5381850608945731,0.019801980198019802,True,-0.35855834432446254,0.009900990099009901,True,0.9214771231075651,0.009900990099009901,True,-0.6593291976718711,0.04950495049504951,True,0.9222419660278907,0.009900990099009901,True,-0.665116114147578,0.07920792079207921,False
gse161529,3,BIOCARTA_MAPK_PATHWAY,81,3282,1677,0.5658960087846912,-0.5116626686041194,0.13584135472774506,0.45260473509148935,0.3564356435643564,False,-0.3368604976875825,0.2376237623762376,False,0.6325391045073993,0.24752475247524752,False,-0.48916140563682853,0.7524752475247525,False,0.6528352638974697,0.06930693069306931,False,-0.523270284504054,0.8811881188118812,False
gse161529,3,GSE31082_DP_VS_CD8_SP_THYMOCYTE_UP,193,3282,1677,0.5153956051924382,-0.36823062491310166,0.09745631366968155,0.5753088412721614,0.5841584158415841,False,-0.4193945802411183,0.6435643564356436,False,0.4588054558578003,0.13861386138613863,False,-0.3750244853725384,0.900990099009901,False,0.4927918719349552,0.46534653465346537,False,-0.40234291021951757,0.594059405940594,False
gse161529,3,BIOCARTA_PELP1_PATHWAY,6,3282,1677,0.18041275159510076,-0.111194861248759,0.139769047498703,0.0865259991196483,0.6336633663366337,False,-0.0599369026672718,0.7227722772277227,False,0.16112907172224306,0.5148514851485149,False,-0.13088555004481067,0.6732673267326733,False,0.16016336585247154,0.4158415841584158,False,-0.13867608557388247,0.5148514851485149,False
gse161529,3,REACTOME_ABORTIVE_ELONGATION_OF_HIV_1_TRANSCRIPT_IN_THE_ABSENCE_OF_TAT,23,3282,1677,0.2802315972074835,-0.0209677085001838,0.19807766377925873,0.2398045210484605,0.7920792079207921,False,-0.15494512017998996,0.2871287128712871,False,0.4344308349349694,0.009900990099009901,True,-0.3189979866015528,0.009900990099009901,True,0.4311257069574494,0.009900990099009901,True,-0.328111259895556,0.009900990099009901,True
gse161529,3,HALLMARK_E2F_TARGETS,198,3282,1677,0.4910973495074804,-0.18241244850233973,0.1594984531402588,0.5840299052440878,0.3465346534653465,False,-0.4154319444712484,0.0594059405940594,False,0.6360858268957508,0.009900990099009901,True,-0.4918329168358218,0.009900990099009901,True,0.665666215912717,0.009900990099009901,True,-0.5298925720985204,0.009900990099009901,True
gse161529,4,REACTOME_DOPAMINE_RECEPTORS,5,2512,1677,-0.11726907721936997,-0.02276204781098173,,0.046473437624543174,0.039603960396039604,True,0.01211781279672551,0.33663366336633666,False,-0.05997622441628877,0.009900990099009901,True,-0.01814896126133344,0.8712871287128713,False,-0.05556544547471057,0.009900990099009901,True,-0.019727547875391847,0.8217821782178217,False
gse161529,4,KEGG_NITROGEN_METABOLISM,23,2512,1677,0.008265498673713845,-0.0056153377189231855,0.018587294965982437,0.12663518656092004,0.13861386138613863,False,0.030868906595304328,0.42574257425742573,False,-0.02321046364927946,0.10891089108910891,False,-0.015028343289699883,0.7722772277227723,False,-0.022929101490063303,0.12871287128712872,False,-0.008953275676662447,0.8712871287128713,False
gse161529,4,REACTOME_NOREPINEPHRINE_NEUROTRANSMITTER_RELEASE_CYCLE,18,2512,1677,-0.059041689929411924,-0.05071873339379707,0.012857699766755104,0.11359272956590466,0.019801980198019802,True,0.022584409024098556,0.2079207920792079,False,-0.0056310528346389275,0.019801980198019802,True,-0.00619301451201351,0.1485148514851485,False,-0.005553841056342341,0.04950495049504951,True,0.002255633424054502,0.15841584158415842,False
gse161529,4,WP_CELLTYPE_DEPENDENT_SELECTIVITY_OF_CCK2R_SIGNALING,13,2512,1677,-0.03935109194380836,-0.06617755202108548,0.015176873654127121,0.07690914479117467,0.10891089108910891,False,0.014807092841803784,0.13861386138613863,False,-0.048438598353195125,0.5742574257425742,False,-0.01446545297113653,0.019801980198019802,True,-0.04729464498954525,0.6336633663366337,False,-0.011233993270761654,0.0297029702970297,True
gse161529,4,REACTOME_TRANSCRIPTIONAL_AND_POST_TRANSLATIONAL_REGULATION_OF_MITF_M_EXPRESSION_AND_ACTIVITY,43,2512,1677,0.1571721452416287,-0.021769058635153837,0.02697446569800377,0.19308071527904783,0.6138613861386139,False,0.054105903135609354,0.1782178217821782,False,0.13232872959012443,0.43564356435643564,False,0.04851372804423959,0.2376237623762376,False,0.12920949852415675,0.3564356435643564,False,0.04996444737484078,0.2079207920792079,False
gse161529,4,WP_SPHINGOLIPID_PATHWAY,28,2512,1677,0.09359809514420334,0.08231611723394817,0.029790623113512993,0.13645371461816652,0.5544554455445545,False,0.03541245588301223,0.33663366336633666,False,0.0974234605752525,0.8910891089108911,False,0.03390430316550281,0.33663366336633666,False,0.10240583351175538,0.7227722772277227,False,0.025038690611699013,0.13861386138613863,False
gse161529,4,KEGG_FATTY_ACID_METABOLISM,42,2512,1677,0.09883317799192347,0.08421939348524074,0.026293084025382996,0.17298867283612063,0.2376237623762376,False,0.0538868275743211,0.6138613861386139,False,0.07429237311805834,0.27722772277227725,False,0.01614046360889737,0.0297029702970297,True,0.0829600505105389,0.48514851485148514,False,0.017219776439129975,0.06930693069306931,False
gse161529,4,KEGG_ADIPOCYTOKINE_SIGNALING_PATHWAY,66,2512,1677,0.16827750923930646,0.08291625183300581,0.025985969230532646,0.21983326828433922,0.5643564356435643,False,0.06793858411567681,0.7326732673267327,False,0.1536411610016415,0.6534653465346535,False,0.048731871906011595,0.45544554455445546,False,0.15759115246000668,0.6534653465346535,False,0.04611401117783885,0.36633663366336633,False
gse161529,4,WP_REGULATORY_CIRCUITS_OF_STAT3_SIGNALING,78,2512,1677,0.293687504476582,0.02190617523812806,0.029677461832761765,0.26041082181549025,0.6732673267326733,False,0.07565081806892646,0.26732673267326734,False,0.28176992700551284,0.6633663366336634,False,0.09921625482699353,0.24752475247524752,False,0.2895457002546671,0.8514851485148515,False,0.10122047169443477,0.15841584158415842,False
gse161529,4,REACTOME_MISCELLANEOUS_TRANSPORT_AND_BINDING_EVENTS,25,2512,1677,0.019469197314574707,-0.04849444424043787,0.01819876953959465,0.13153525610987243,0.15841584158415842,False,0.03908779109735386,0.16831683168316833,False,0.014439823391594464,0.7821782178217822,False,-0.0042826959190381785,0.09900990099009901,False,0.01084391218944368,0.6732673267326733,False,-0.0014474938051479641,0.12871287128712872,False
gse161529,4,KEGG_VIRAL_MYOCARDITIS,68,2512,1677,0.5275379932533333,0.3050706755700921,0.07923245429992676,0.24012736616081753,0.009900990099009901,True,0.06438491217093362,0.009900990099009901,True,0.4857794611525944,0.2079207920792079,False,0.13357390018391818,0.019801980198019802,True,0.4949117787233618,0.13861386138613863,False,0.1460674210551609,0.019801980198019802,True
gse161529,4,BIOCARTA_AKT_PATHWAY,22,2512,1677,0.311759822493264,0.07768691800605951,0.053202319890260696,0.13782810148754474,0.039603960396039604,True,0.03330069193179626,0.39603960396039606,False,0.25318235104776565,0.07920792079207921,False,0.08035047837617607,0.9504950495049505,False,0.27258495667849914,0.16831683168316833,False,0.08081913568359375,0.9801980198019802,False
gse161529,4,WP_GLYCOSYLATION_AND_RELATED_CONGENITAL_DEFECTS,25,2512,1677,0.047809467233314626,0.07620706673246438,0.02988646738231182,0.16336694303206115,0.0891089108910891,False,0.0457112158500941,0.5841584158415841,False,0.059697579332109174,0.5346534653465347,False,0.012111428461790634,0.0297029702970297,True,0.06928221020252635,0.3069306930693069,False,0.01626946055312959,0.039603960396039604,True
gse161529,4,KEGG_LYSOSOME,120,2512,1677,0.2948061179048888,0.10315383661966358,0.03258037567138672,0.3117953070424304,0.8118811881188119,False,0.08188398455845197,0.6336633663366337,False,0.2936012727615928,0.9504950495049505,False,0.08145959283038423,0.594059405940594,False,0.30662688866493404,0.5643564356435643,False,0.09224155652498539,0.7623762376237624,False
gse161529,4,REACTOME_RIP_MEDIATED_NFKB_ACTIVATION_VIA_ZBP1,17,2512,1677,0.18731015397630923,0.021724378004873125,0.03482561185956001,0.10795805637914677,0.2376237623762376,False,0.027112187812359856,0.900990099009901,False,0.143378029558751,0.16831683168316833,False,0.04252811650315107,0.7524752475247525,False,0.15308943668018676,0.2871287128712871,False,0.053026726481459376,0.5841584158415841,False
gse161529,4,BIOCARTA_NFKB_PATHWAY,21,2512,1677,0.2564106813614384,0.059646193789970964,0.04866674542427063,0.13595360788024669,0.06930693069306931,False,0.03420752623942622,0.6435643564356436,False,0.23354851289486994,0.4752475247524752,False,0.0731757334724496,0.7821782178217822,False,0.2365213705476108,0.5346534653465347,False,0.08339779122805371,0.6831683168316832,False
gse161529,4,GSE22886_CTRL_VS_LPS_24H_DC_DN,184,2512,1677,0.5707712159640402,0.43799943103885136,0.07143053412437439,0.37779791763303483,0.019801980198019802,True,0.10153921746524525,0.009900990099009901,True,0.6492762627192116,0.009900990099009901,True,0.19276964891528867,0.009900990099009901,True,0.664559444434347,0.009900990099009901,True,0.20955281706572867,0.009900990099009901,True
gse161529,4,KEGG_SPLICEOSOME,126,2512,1677,0.6598727479740941,0.2754731303904624,0.11009310185909271,0.304220541454592,0.009900990099009901,True,0.06634472311609868,0.009900990099009901,True,0.6473204348896643,0.42574257425742573,False,0.19967714355821306,0.12871287128712872,False,0.6634237138886088,0.8217821782178217,False,0.21527728736584656,0.1782178217821782,False
gse161529,4,BIOCARTA_P53HYPOXIA_PATHWAY,21,2512,1677,0.332137521946927,0.30208351842316933,0.07050158083438873,0.13518121111838888,0.009900990099009901,True,0.02866355197911765,0.009900990099009901,True,0.3103622820809352,0.5445544554455446,False,0.10051778285218183,0.019801980198019802,True,0.29951531793684394,0.1782178217821782,False,0.08364937522783897,0.019801980198019802,True
gse161529,4,WP_AMINO_ACID_METABOLISM_IN_TRIPLENEGATIVE_BREAST_CANCER_CELLS,7,2512,1677,0.0793512467870026,0.018746496236782345,0.03291798382997513,0.06304026499987717,0.8118811881188119,False,0.01795524879503124,0.9801980198019802,False,0.04414790255900298,0.06930693069306931,False,0.013361727639048807,0.8910891089108911,False,0.04481220177666163,0.10891089108910891,False,0.014114565619221397,0.8415841584158416,False
gse161529,5,KEGG_OLFACTORY_TRANSDUCTION,384,2493,1677,-0.6551232768150042,0.4108034187193257,0.023845290765166283,0.6761585916507208,0.009900990099009901,True,-0.4834915121869999,0.009900990099009901,True,-0.6415899727103542,0.8415841584158416,False,0.4883096549626704,0.44554455445544555,False,-0.6249309348140086,0.5742574257425742,False,0.4585918784281987,0.5346534653465347,False
gse161529,5,HALLMARK_PANCREAS_BETA_CELLS,40,2493,1677,0.4822821785661256,-0.3445361002078364,0.0683029368519783,0.27413888315080104,0.48514851485148514,False,-0.20687175444738723,0.594059405940594,False,0.4452416364385456,0.8415841584158416,False,-0.33737775164254913,1.0,False,0.5110316597072804,0.8118811881188119,False,-0.42917274397130556,0.5148514851485149,False
gse161529,5,BIOCARTA_ALK_PATHWAY,37,2493,1677,-0.08258649083029482,0.03972222176295306,0.1396360844373703,0.2614576706810343,0.1485148514851485,False,-0.19822716169497856,0.3465346534653465,False,-0.10579799144936501,0.7227722772277227,False,0.07045483998506377,0.6633663366336634,False,-0.0430240375983232,0.48514851485148514,False,0.010096003124022986,0.7128712871287128,False
gse161529,5,KEGG_TYPE_II_DIABETES_MELLITUS,47,2493,1677,0.04619222973060566,-0.04386751679642711,0.14293453097343445,0.3270330191063765,0.2079207920792079,False,-0.2563896500590366,0.2871287128712871,False,-0.03697139649678505,0.4752475247524752,False,0.05862086675848023,0.39603960396039606,False,0.06622505848502426,0.8316831683168316,False,-0.04374225462465978,1.0,False
gse161529,5,KEGG_GLYCOSAMINOGLYCAN_DEGRADATION,21,2493,1677,-0.05377559355190697,0.011197831317862025,0.11787986755371094,0.20414046756128418,0.31683168316831684,False,-0.12796512475873079,0.5544554455445545,False,-0.06261283616490393,0.8811881188118812,False,0.03785790929335724,0.5841584158415841,False,-0.022591356600906342,0.5544554455445545,False,-0.008962657454094832,0.7326732673267327,False
gse161529,5,BIOCARTA_CDC42RAC_PATHWAY,8,2493,1677,0.6450920495159066,-0.5262763990002819,0.2840375006198883,0.12336492397390866,0.009900990099009901,True,-0.0845355092350952,0.039603960396039604,True,0.5720294633860998,0.49504950495049505,False,-0.44806073377753197,0.5643564356435643,False,0.5249931963862973,0.22772277227722773,False,-0.37252917708156524,0.1782178217821782,False
gse161529,5,REACTOME_NR1H2_NR1H3_REGULATE_GENE_EXPRESSION_TO_CONTROL_BILE_ACID_HOMEOSTASIS,9,2493,1677,0.06728477797187579,0.016542574196298093,0.2073495239019394,0.07656027129467827,0.9702970297029703,False,-0.031029335999070127,0.7623762376237624,False,0.11876148314679943,0.4752475247524752,False,-0.09422363583297971,0.19801980198019803,False,0.1950551162955843,0.07920792079207921,False,-0.17384867195721093,0.019801980198019802,True
gse161529,5,WP_ENDOCHONDRAL_OSSIFICATION,63,2493,1677,0.22494324333377466,-0.15937535088653096,0.10426554083824158,0.3520592942669053,0.594059405940594,False,-0.2522454808030046,0.693069306930693,False,0.2663778604054672,0.7227722772277227,False,-0.2009636902852856,0.801980198019802,False,0.3609635508525735,0.1782178217821782,False,-0.2942044224335675,0.27722772277227725,False
gse161529,5,WP_IRON_METABOLISM_IN_PLACENTA,12,2493,1677,-0.25607533334997307,0.2688072852175114,0.13087858259677887,0.23215738762630272,0.019801980198019802,True,-0.1793578125804618,0.0297029702970297,True,0.0169123944641541,0.22772277227722773,False,0.03358175852941952,0.36633663366336633,False,0.09939357896325615,0.0891089108910891,False,-0.03848045876440759,0.12871287128712872,False
gse161529,5,KEGG_VIBRIO_CHOLERAE_INFECTION,54,2493,1677,0.8516226624164039,-0.666051960853485,0.2803494334220886,0.3251994868933592,0.0297029702970297,True,-0.2249591991187282,0.0297029702970297,True,0.7935152700107686,0.21782178217821782,False,-0.5911466469502471,0.3564356435643564,False,0.8357708842113071,0.48514851485148514,False,-0.6601648244542627,0.9108910891089109,False
gse161529,5,KEGG_TERPENOID_BACKBONE_BIOSYNTHESIS,15,2493,1677,0.24018598751623757,-0.17667819590881875,0.24403348565101624,0.18852137070350344,0.7821782178217822,False,-0.1157627022185356,0.7722772277227723,False,0.2691072650476227,0.8217821782178217,False,-0.19969264073359533,0.8514851485148515,False,0.21594392967926246,0.7722772277227723,False,-0.14675947908002535,0.7623762376237624,False
gse161529,5,REACTOME_NOTCH1_INTRACELLULAR_DOMAIN_REGULATES_TRANSCRIPTION,48,2493,1677,0.6016090650035254,-0.40388121836991825,0.2272564172744751,0.2657940474324769,0.15841584158415842,False,-0.19476218011079627,0.3465346534653465,False,0.6296118761066439,0.7623762376237624,False,-0.43365569039013824,0.8118811881188119,False,0.6027142711481599,0.9801980198019802,False,-0.4209979061458352,0.8712871287128713,False
gse161529,5,REACTOME_SIGNALING_BY_VEGF,106,2493,1677,0.8139616084912631,-0.6708714153394071,0.19986170530319214,0.4004499114635605,0.04950495049504951,True,-0.28217192585081274,0.0594059405940594,False,0.7082775353226415,0.1188118811881188,False,-0.5182953292520541,0.1188118811881188,False,0.7669290211287112,0.16831683168316833,False,-0.6100345860354618,0.2376237623762376,False
gse161529,5,GSE42088_UNINF_VS_LEISHMANIA_INF_DC_2H_DN,194,2493,1677,0.6412807748688083,-0.27034297324542406,0.3235683739185333,0.5728626733142724,0.7128712871287128,False,-0.40359817265660913,0.46534653465346537,False,0.9346656523187613,0.009900990099009901,True,-0.646776737823133,0.009900990099009901,True,0.9432919585395236,0.009900990099009901,True,-0.6760162043845914,0.009900990099009901,True
gse161529,5,GSE17721_POLYIC_VS_PAM3CSK4_2H_BMDC_UP,196,2493,1677,0.458403166938565,-0.3646478871563658,0.18487825989723206,0.5722281038619361,0.5346534653465347,False,-0.39342076259844455,0.8613861386138614,False,0.35876049860253695,0.3564356435643564,False,-0.23484446773966777,0.26732673267326734,False,0.4481849827981433,0.8910891089108911,False,-0.3540603789428273,0.9207920792079208,False
gse161529,5,REACTOME_IRE1ALPHA_ACTIVATES_CHAPERONES,50,2493,1677,0.6420625743496524,-0.41368802353784,0.2842556834220886,0.34047905439015724,0.12871287128712872,False,-0.2213936180988011,0.3069306930693069,False,0.6644625755936908,0.7524752475247525,False,-0.5065578639557904,0.2871287128712871,False,0.6886627314157532,0.27722772277227725,False,-0.5333709783132188,0.06930693069306931,False
gse161529,5,GSE18893_CTRL_VS_TNF_TREATED_TCONV_2H_DN,194,2493,1677,0.760851280684663,-0.5945452139952261,0.23336678743362427,0.5823396953312866,0.15841584158415842,False,-0.41560147722618535,0.15841584158415842,False,0.7949059457773187,0.3465346534653465,False,-0.6077704003750689,0.7821782178217822,False,0.7734104389237788,0.7128712871287128,False,-0.5775353651878534,0.8217821782178217,False
gse161529,5,BIOCARTA_THELPER_PATHWAY,12,2493,1677,-0.2749733953517429,0.20118859778124826,0.08888144791126251,0.11246442034874143,0.09900990099009901,False,-0.08864672384150932,0.15841584158415842,False,-0.32193546198183554,0.019801980198019802,True,0.2506550926977138,0.06930693069306931,False,-0.31020043341482484,0.0594059405940594,False,0.2458173166870597,0.0891089108910891,False
gse161529,5,REACTOME_DEADENYLATION_OF_MRNA,25,2493,1677,0.44040742395588955,-0.21415936677346012,0.3631473183631897,0.2142187326201988,0.36633663366336633,False,-0.15475874593675631,0.8712871287128713,False,0.5622217403128076,0.19801980198019803,False,-0.4127792279859083,0.09900990099009901,False,0.5610667210091553,0.10891089108910891,False,-0.40592352196102044,0.04950495049504951,True
gse161529,5,BIOCARTA_FBW7_PATHWAY,9,2493,1677,0.49887171868605856,-0.4048953947816836,0.2290208339691162,0.08922717392005686,0.09900990099009901,False,-0.05540656772462325,0.09900990099009901,False,0.3468648070358129,0.2871287128712871,False,-0.22348579082688758,0.31683168316831684,False,0.40925456534434096,0.5148514851485149,False,-0.37225194617913726,0.8217821782178217,False
gse161529,6,KEGG_OLFACTORY_TRANSDUCTION,384,1639,1677,-0.04160980137397893,-0.42948950520833495,0.023605044931173325,0.36146145894625126,0.009900990099009901,True,-0.042175515097278626,0.09900990099009901,False,-0.34237232083568087,0.009900990099009901,True,0.05492217697590894,0.039603960396039604,True,-0.2701624954061872,0.0594059405940594,False,-0.08981856435320715,0.1782178217821782,False
gse161529,6,REACTOME_PLASMA_LIPOPROTEIN_ASSEMBLY,19,1639,1677,0.3390116125468622,-0.3896875020575505,0.11896240711212158,0.09121598086705966,0.19801980198019803,False,0.021587144919364594,0.0891089108910891,False,0.18254447226445347,0.43564356435643564,False,-0.049973786774929,0.36633663366336633,False,0.1884465346901979,0.42574257425742573,False,-0.08047947647941585,0.3465346534653465,False
gse161529,6,WP_CANNABINOID_RECEPTOR_SIGNALING,29,1639,1677,0.11694519399456346,-0.3894558271017802,0.1648108810186386,0.1628206478425911,0.8316831683168316,False,-0.022260704549450096,0.13861386138613863,False,-0.20337008426222186,0.019801980198019802,True,0.03918152381103648,0.0297029702970297,True,-0.060712985985747314,0.1188118811881188,False,-0.21082125213749553,0.25742574257425743,False
gse161529,6,REACTOME_JOSEPHIN_DOMAIN_DUBS,12,1639,1677,0.4500140721189981,-0.14128397453249417,0.5311253070831299,0.055539349921568656,0.019801980198019802,True,-0.0144253072154019,0.5544554455445545,False,0.37632601472533017,0.5841584158415841,False,0.06920497857507987,0.37623762376237624,False,0.46882044468534345,0.8613861386138614,False,-0.13470979515585668,0.9603960396039604,False
gse161529,6,REACTOME_REPRODUCTION,97,1639,1677,0.34145962164872473,-0.1631600764808773,0.1686411201953888,0.2066660893844909,0.6039603960396039,False,-0.030248192574197075,0.693069306930693,False,0.3092611455849802,0.8217821782178217,False,-0.028251098242684184,0.6039603960396039,False,0.3864282433205945,0.6435643564356436,False,-0.2121474645898126,0.7920792079207921,False
gse161529,6,KEGG_LEUKOCYTE_TRANSENDOTHELIAL_MIGRATION,115,1639,1677,0.724607213831229,-0.590666681165365,0.1918071061372757,0.2487007894728086,0.0297029702970297,True,0.021671397875508414,0.009900990099009901,True,0.5998673434983739,0.2079207920792079,False,-0.1744875488269187,0.04950495049504951,True,0.6590509457833347,0.37623762376237624,False,-0.3371418207402762,0.1782178217821782,False
gse161529,6,WP_MIRNA_REGULATION_OF_PROSTATE_CANCER_SIGNALING,31,1639,1677,-0.10109809106038121,0.2321975367716799,0.25126758217811584,0.09739448304889359,0.44554455445544555,False,0.017856610336114354,0.4158415841584158,False,0.10676246082736982,0.12871287128712872,False,-0.0692232780204938,0.21782178217821782,False,0.04855414151035989,0.2079207920792079,False,-0.027141865026451308,0.24752475247524752,False
gse161529,6,KEGG_BASAL_TRANSCRIPTION_FACTORS,35,1639,1677,-0.07335014099542353,0.1335830211314031,0.26343193650245667,0.12394165784907127,0.3564356435643564,False,-0.049034267211167964,0.5346534653465347,False,-0.016829267891043644,0.6138613861386139,False,-0.008361974233319174,0.46534653465346537,False,0.10658139271371803,0.0891089108910891,False,-0.21458094093939797,0.039603960396039604,True
gse161529,6,GSE2826_WT_VS_BTK_KO_BCELL_UP,195,1639,1677,0.5526053261988852,-0.14044411711189328,0.2554611265659332,0.3040407861256324,0.22772277227722773,False,-0.017663580881727002,0.6633663366336634,False,0.49438486460028985,0.5346534653465347,False,-0.10205245959136858,0.7722772277227723,False,0.5848362309605235,0.6336633663366337,False,-0.30170417253432597,0.2871287128712871,False
gse161529,6,KEGG_NUCLEOTIDE_EXCISION_REPAIR,44,1639,1677,0.330855648849471,-0.17826848622887564,0.3304692506790161,0.16390105202834554,0.43564356435643564,False,0.004697608035337646,0.5148514851485149,False,0.23832595330233552,0.48514851485148514,False,-0.0010585061108790287,0.43564356435643564,False,0.2611834489886993,0.6831683168316832,False,-0.036604548219806174,0.6138613861386139,False
gse161529,6,GSE3982_EOSINOPHIL_VS_MAST_CELL_DN,192,1639,1677,0.7311722049417952,-0.17411570835378318,0.33709678053855896,0.31639153232408457,0.0594059405940594,False,-0.06631218615416279,0.7128712871287128,False,0.6859889112172791,0.5148514851485149,False,-0.10777476029862709,0.7128712871287128,False,0.7383674460821079,0.8613861386138614,False,-0.22831408410418202,0.6435643564356436,False
gse161529,6,GSE10239_NAIVE_VS_MEMORY_CD8_TCELL_UP,192,1639,1677,0.5223779190977568,-0.5092879842566556,0.31036004424095154,0.26779844277242393,0.1485148514851485,False,-0.08337538738951286,0.0594059405940594,False,0.41277573891391595,0.25742574257425743,False,-0.11326520161648745,0.06930693069306931,False,0.48919280548208227,0.7227722772277227,False,-0.2595100444388495,0.1485148514851485,False
gse161529,6,KEGG_SNARE_INTERACTIONS_IN_VESICULAR_TRANSPORT,38,1639,1677,-0.1597338874980005,0.35104847858975785,0.2501005232334137,0.17500498721325622,0.09900990099009901,False,0.016365674311602078,0.19801980198019803,False,-0.006269188071024444,0.1782178217821782,False,7.52543905535052e-05,0.0594059405940594,False,-0.12154969825391122,0.6732673267326733,False,0.2207797859656222,0.504950495049505,False
gse161529,6,GSE46606_IRF4_KO_VS_WT_CD40L_IL2_IL5_1DAY_STIMULATED_BCELL_UP,190,1639,1677,0.39035991112680196,0.13167910476584815,0.17070013284683228,0.3070839643124962,0.5742574257425742,False,-0.08006172046751671,0.44554455445544555,False,0.40048430774250665,0.9306930693069307,False,-0.027386751609967536,0.5544554455445545,False,0.4938548050856054,0.2079207920792079,False,-0.2158293283698234,0.039603960396039604,True
gse161529,6,KEGG_DORSO_VENTRAL_AXIS_FORMATION,24,1639,1677,-0.0666237482630377,-0.1033605458241869,0.13556471467018127,0.1148440447649387,0.43564356435643564,False,-0.014979213180391847,0.7524752475247525,False,-0.1809867832878811,0.1485148514851485,False,0.016852212223178824,0.42574257425742573,False,-0.07255186149624711,0.9306930693069307,False,-0.16000231779832236,0.6138613861386139,False
gse161529,6,GSE3920_IFNA_VS_IFNG_TREATED_FIBROBLAST_UP,170,1639,1677,-0.09156409714105802,-0.4842488722533852,0.12678982317447662,0.268219158910267,0.0891089108910891,False,0.01093527706812851,0.04950495049504951,True,-0.4095889378736665,0.009900990099009901,True,0.03700256725993082,0.009900990099009901,True,-0.296631038751771,0.04950495049504951,True,-0.1631631685596356,0.09900990099009901,False
gse161529,6,KEGG_PATHOGENIC_ESCHERICHIA_COLI_INFECTION,55,1639,1677,0.8044669340580338,-0.5274820042702558,0.3150339722633362,0.11512608159787427,0.009900990099009901,True,0.006169954308177725,0.0297029702970297,True,0.6677593910876829,0.15841584158415842,False,-0.05220846935544267,0.019801980198019802,True,0.7389503165891418,0.31683168316831684,False,-0.17633884729307522,0.0594059405940594,False
gse161529,6,BIOCARTA_RANMS_PATHWAY,10,1639,1677,0.4078563607929309,0.04546172428137814,0.5586028099060059,0.06390421403400721,0.039603960396039604,True,-0.029368347217197346,0.7623762376237624,False,0.5036665450664002,0.45544554455445546,False,-0.12370676860091949,0.5544554455445545,False,0.5042813224410483,0.37623762376237624,False,-0.12419994649444027,0.5247524752475248,False
gse161529,6,REACTOME_PRE_NOTCH_PROCESSING_IN_GOLGI,18,1639,1677,0.04667916595580499,-0.07788693397506975,0.20797599852085114,0.06737216665346941,0.9108910891089109,False,0.022661727596000766,0.693069306930693,False,0.12540175968640638,0.5841584158415841,False,-0.023976569620123726,0.8316831683168316,False,0.1373809174642598,0.3564356435643564,False,-0.017885568395143218,0.7722772277227723,False
gse161529,6,WP_LACTATE_SHUTTLE_IN_GLIAL_CELLS,13,1639,1677,0.4515881297886119,-0.36052140125798965,0.157655268907547,0.06526235903429209,0.04950495049504951,True,0.003029275151443058,0.13861386138613863,False,0.20410678323920436,0.13861386138613863,False,-0.020650768321856184,0.24752475247524752,False,0.18668676016562324,0.13861386138613863,False,-0.00913674842612503,0.24752475247524752,False
gse161529,7,REACTOME_ORGANIC_ANION_TRANSPORT,5,1489,1677,-0.22508620293703235,-0.1955750416750323,,-0.014086059922590054,0.22772277227722773,False,0.003066704996885279,0.18811881188118812,False,-0.23685778142665737,0.49504950495049505,False,-0.17860556455276436,0.40594059405940597,False,-0.23236771108493648,0.6732673267326733,False,-0.17597675343302452,0.31683168316831684,False
gse161529,7,WP_VITAMIN_K_METABOLISM_AND_ACTIVATION_OF_DEPENDENT_PROTEINS,13,1489,1677,0.3434251569702368,0.2512032153478541,0.19184954464435577,0.06902948641993004,0.21782178217821782,False,0.04562756079001705,0.2079207920792079,False,0.3470439518935425,0.9702970297029703,False,0.25945389699601373,0.9504950495049505,False,0.362060122931709,0.7821782178217822,False,0.2553241224013489,0.9702970297029703,False
gse161529,7,REACTOME_TRANSCRIPTIONAL_REGULATION_OF_PLURIPOTENT_STEM_CELLS,30,1489,1677,0.1669792230270314,-0.06596840218013346,0.1348850131034851,0.10804119862377634,0.8316831683168316,False,0.08363344603660466,0.4752475247524752,False,0.27291671013363056,0.27722772277227725,False,0.17667963423837427,0.009900990099009901,True,0.3020205336014707,0.12871287128712872,False,0.20198774702861616,0.019801980198019802,True
gse161529,7,BIOCARTA_CLASSIC_PATHWAY,14,1489,1677,-0.38996095594790436,-0.31253570613392,0.0065575758926570415,0.13410549387673515,0.009900990099009901,True,0.08845806071277561,0.019801980198019802,True,-0.3653326659586459,0.18811881188118812,False,-0.2910817930227707,0.36633663366336633,False,-0.36575586432382917,0.13861386138613863,False,-0.29198856214986557,0.43564356435643564,False
gse161529,7,BIOCARTA_MONOCYTE_PATHWAY,11,1489,1677,0.29968178651429594,0.4506014350136217,0.09036707878112793,0.06288137004050018,0.2871287128712871,False,0.03322252260791304,0.0297029702970297,True,0.40305056823866947,0.27722772277227725,False,0.27366218348464155,0.1485148514851485,False,0.4045965819396403,0.2376237623762376,False,0.2802615785246241,0.15841584158415842,False
gse161529,7,BIOCARTA_DREAM_PATHWAY,13,1489,1677,0.36890772058178795,0.3184706153368926,0.3423658311367035,0.05881543484052777,0.16831683168316833,False,0.021104391966182887,0.10891089108910891,False,0.4427287547219876,0.27722772277227725,False,0.33831016292981764,0.8613861386138614,False,0.4692516981259977,0.13861386138613863,False,0.39264512114792727,0.43564356435643564,False
gse161529,7,GSE21927_UNTREATED_VS_GMCSF_IL6_TREATED_BONE_MARROW_UP,180,1489,1677,0.1173927512563728,0.04175667477900764,0.1723133623600006,0.3226922572439122,0.32673267326732675,False,0.22945297184912472,0.27722772277227725,False,0.20496130967756795,0.27722772277227725,False,0.19540035176748832,0.1782178217821782,False,0.24348191977883038,0.06930693069306931,False,0.22438307893548967,0.039603960396039604,True
gse161529,7,WP_MIR5093P_ALTERATION_OF_YAP1ECM_AXIS,17,1489,1677,-0.19943182549877467,-0.0862557385283191,0.07900653779506683,0.11066708904608907,0.1485148514851485,False,0.08975374656385858,0.40594059405940597,False,-0.21236989339893478,0.8217821782178217,False,-0.12843933279563685,0.48514851485148514,False,-0.18720524619257245,0.900990099009901,False,-0.13194255427940352,0.42574257425742573,False
gse161529,7,WP_MITOCHONDRIAL_GENE_EXPRESSION,19,1489,1677,-0.20674582958301072,-0.08562784185567109,0.1482737511396408,0.14083895421419818,0.1188118811881188,False,0.10164179175869982,0.3069306930693069,False,-0.23054097918117572,0.6039603960396039,False,-0.11044549032866374,0.6237623762376238,False,-0.23798293716227711,0.4752475247524752,False,-0.12272959268537759,0.4158415841584158,False
gse161529,7,GSE27786_CD8_TCELL_VS_MONO_MAC_DN,194,1489,1677,0.2417565979255023,0.31212694785742684,0.1674288511276245,0.3149594445741498,0.7029702970297029,False,0.2260080070169767,0.5346534653465347,False,0.2607434032231807,0.7524752475247525,False,0.1902449459022404,0.22772277227722773,False,0.2841436964649424,0.49504950495049505,False,0.22541068677168286,0.3465346534653465,False
gse161529,7,GSE2826_WT_VS_BTK_KO_BCELL_UP,195,1489,1677,0.6151131537095257,0.4039430437953179,0.2213478684425354,0.26284681418064515,0.039603960396039604,True,0.21177473963520793,0.2079207920792079,False,0.5562791315449274,0.2079207920792079,False,0.42588788000942934,0.7029702970297029,False,0.5982369928078672,0.7227722772277227,False,0.4447503472573824,0.4752475247524752,False
gse161529,7,GSE15930_STIM_VS_STIM_AND_TRICHOSTATINA_24H_CD8_T_CELL_DN,192,1489,1677,0.5120014643582621,0.22301927008754982,0.27667149901390076,0.2845610368458914,0.2079207920792079,False,0.2081009359781529,0.9108910891089109,False,0.5953932532628505,0.07920792079207921,False,0.4353850022879294,0.019801980198019802,True,0.6412234220960362,0.009900990099009901,True,0.45681975930684504,0.009900990099009901,True
gse161529,7,KEGG_TERPENOID_BACKBONE_BIOSYNTHESIS,15,1489,1677,0.48515769086127714,0.3592151514249571,0.3295353353023529,0.1008931543875227,0.07920792079207921,False,0.06227309148699835,0.09900990099009901,False,0.29160380838648947,0.039603960396039604,True,0.2292661457247252,0.21782178217821782,False,0.36300250454614535,0.0594059405940594,False,0.29549082818180283,0.594059405940594,False
gse161529,7,GSE45365_HEALTHY_VS_MCMV_INFECTION_CD11B_DC_IFNAR_KO_UP,182,1489,1677,-0.2618775836357856,-0.17467626577105697,0.11593673378229141,0.3174865953827656,0.009900990099009901,True,0.22013274156813467,0.019801980198019802,True,-0.09933869692905575,0.06930693069306931,False,-0.04733971588170143,0.21782178217821782,False,-0.04435640842196929,0.019801980198019802,True,-0.021701366514437676,0.1188118811881188,False
gse161529,7,WP_DISORDERS_OF_FOLATE_METABOLISM_AND_TRANSPORT,19,1489,1677,-0.013179238223392701,0.019364361104819216,0.1443033516407013,0.08364728067693755,0.7029702970297029,False,0.04951028803458354,0.8613861386138614,False,-0.08017906619312976,0.39603960396039606,False,-0.014802063268560747,0.7227722772277227,False,-0.04626651351348432,0.5643564356435643,False,0.0046822337975052,0.8316831683168316,False
gse161529,7,GSE9988_LPS_VS_CTRL_TREATED_MONOCYTE_DN,198,1489,1677,0.1873160781717992,0.21126499465814116,0.2391391098499298,0.31200149393485654,0.5247524752475248,False,0.22395116502216092,0.9207920792079208,False,0.27960945997664866,0.18811881188118812,False,0.2368531331480009,0.8316831683168316,False,0.3423297676364886,0.019801980198019802,True,0.28282416163109975,0.33663366336633666,False
gse161529,7,GSE23695_CD57_POS_VS_NEG_NK_CELL_UP,193,1489,1677,0.1409925932371243,0.16225532138311108,0.19863975048065186,0.27028822792811424,0.49504950495049505,False,0.2028706115216362,0.8415841584158416,False,0.044935679196687464,0.26732673267326734,False,0.12843441104694875,0.7128712871287128,False,0.09129397256979145,0.39603960396039606,False,0.12397980042122711,0.5445544554455446,False
gse161529,7,WP_MOLYBDENUM_COFACTOR_MOCO_BIOSYNTHESIS,6,1489,1677,-0.14199328808034517,-0.09712209188435285,0.0257856547832489,-0.03073796601515659,0.6336633663366337,False,-0.025732148342709437,0.6534653465346535,False,-0.16004428969710605,0.6534653465346535,False,-0.08811557116242999,0.7920792079207921,False,-0.15319924233465637,0.7821782178217822,False,-0.08912727475054179,0.8118811881188119,False
gse161529,7,BIOCARTA_P53_PATHWAY,16,1489,1677,0.0007051800088624479,-0.13794320679536343,0.2022835910320282,0.06045051691064213,0.8217821782178217,False,0.05762650342631185,0.33663366336633666,False,0.01600145789606329,0.8514851485148515,False,0.008074507062136617,0.13861386138613863,False,-0.05641748928948519,0.5148514851485149,False,-0.043516914111094276,0.3069306930693069,False
gse161529,7,REACTOME_COMPLEX_III_ASSEMBLY,23,1489,1677,0.5498015895777612,0.3901539403010664,0.4812113344669342,0.11301079984155304,0.009900990099009901,True,0.08509411757777854,0.04950495049504951,True,0.6145781483195243,0.19801980198019803,False,0.47185679398308067,0.1485148514851485,False,0.616728232821588,0.09900990099009901,False,0.485839313222607,0.12871287128712872,False
gse161529,8,REACTOME_ORGANIC_ANION_TRANSPORT,5,1258,1677,-0.2307137202876772,-0.049639165398754306,,0.07181110788434827,0.009900990099009901,True,0.004318168185847748,0.2871287128712871,False,-0.2398839957997611,0.7128712871287128,False,-0.03350062722741557,0.6633663366336634,False,-0.2433844915820676,0.5841584158415841,False,-0.030952007523953023,0.49504950495049505,False
gse161529,8,GSE37532_WT_VS_PPARG_KO_LN_TREG_DN,116,1258,1677,-0.16624209063983147,-0.10965600407747608,0.02861877530813217,0.44387341032471833,0.009900990099009901,True,0.043401503836342836,0.0297029702970297,True,-0.11997245870413464,0.297029702970297,False,-0.044849366543534955,0.46534653465346537,False,-0.1269176454158285,0.5148514851485149,False,-0.050210024978986884,0.3465346534653465,False
gse161529,8,BIOCARTA_CELL2CELL_PATHWAY,12,1258,1677,0.07351416175591317,-0.0029810125553203764,0.1412004977464676,0.15655674345536796,0.48514851485148514,False,0.014779941090093224,0.7326732673267327,False,0.24656138940544847,0.009900990099009901,True,0.026316709404892294,0.5841584158415841,False,0.2446118862498024,0.009900990099009901,True,0.019111104851483457,0.7227722772277227,False
gse161529,8,BIOCARTA_MONOCYTE_PATHWAY,11,1258,1677,0.25077885413591927,-0.06891333595934557,0.05933985114097595,0.14986115210522027,0.45544554455445546,False,0.0043442337551248085,0.25742574257425743,False,0.23674531988062375,0.8811881188118812,False,0.02090373767921326,0.24752475247524752,False,0.24719341116276117,0.9306930693069307,False,0.001256826229614379,0.24752475247524752,False
gse161529,8,KEGG_SULFUR_METABOLISM,13,1258,1677,0.0502845197591622,0.03375450697220135,0.07293179631233215,0.14260549497644037,0.4752475247524752,False,-0.005742009583513305,0.504950495049505,False,0.007577316106025694,0.2079207920792079,False,0.00597900297583849,0.5247524752475248,False,0.01261871420534873,0.22772277227722773,False,-0.004460994621044016,0.4752475247524752,False
gse161529,8,KEGG_TAURINE_AND_HYPOTAURINE_METABOLISM,10,1258,1677,0.05498608030521487,0.08502454527313623,0.09088413417339325,0.15243120558499273,0.44554455445544555,False,0.018162460681196556,0.27722772277227725,False,0.061283856323805744,0.8415841584158416,False,0.0037832878665589468,0.07920792079207921,False,0.06418192444900626,0.801980198019802,False,0.009517927159661719,0.1485148514851485,False
gse161529,8,GSE5589_WT_VS_IL10_KO_LPS_AND_IL6_STIM_MACROPHAGE_45MIN_DN,199,1258,1677,0.5829731319981933,0.21859137029161224,0.10406538099050522,0.527924739686198,0.5643564356435643,False,0.07966120518413802,0.04950495049504951,True,0.5590417602627622,0.5247524752475248,False,0.08620938686143946,0.07920792079207921,False,0.5755209896258373,0.801980198019802,False,0.08785969718508146,0.06930693069306931,False
gse161529,8,WP_MFAP5MEDIATED_OVARIAN_CANCER_CELL_MOTILITY_AND_INVASIVENESS,13,1258,1677,0.18807467759624286,0.16786325641508687,0.10273335129022598,0.17287724132713828,0.8514851485148515,False,0.008714374402928573,0.06930693069306931,False,0.16370119528198754,0.7722772277227723,False,0.04901850432420208,0.22772277227722773,False,0.22387588908533052,0.7029702970297029,False,0.037577540320900674,0.22772277227722773,False
gse161529,8,GSE43955_TH0_VS_TGFB_IL6_TH17_ACT_CD4_TCELL_10H_UP,197,1258,1677,0.6707279060179075,0.04147757119720796,0.14567628502845764,0.5078506622547363,0.04950495049504951,True,0.0817603891277225,0.5841584158415841,False,0.6814096484946783,0.6336633663366337,False,0.06740282900994013,0.6138613861386139,False,0.7000540252599916,0.13861386138613863,False,0.036347290346300715,0.8910891089108911,False
gse161529,8,GSE22935_UNSTIM_VS_24H_MBOVIS_BCG_STIM_MACROPHAGE_DN,196,1258,1677,0.35004757075180637,0.07091917478347773,0.09486167877912521,0.5230596689506556,0.0297029702970297,True,0.0879306955820506,0.8910891089108911,False,0.3817209765533003,0.46534653465346537,False,0.04494227626215376,0.6633663366336634,False,0.3925872544014296,0.31683168316831684,False,0.02039518749253069,0.42574257425742573,False
gse161529,8,REACTOME_RAB_GERANYLGERANYLATION,65,1258,1677,0.4964921444277005,0.04624775074854359,0.1468290388584137,0.3368114124450394,0.21782178217821782,False,0.036736261769543935,0.8811881188118812,False,0.481154888641528,0.6534653465346535,False,0.03456770473360791,0.7623762376237624,False,0.5052175389325009,0.7722772277227723,False,0.029149801854645913,0.7722772277227723,False
gse161529,8,BIOCARTA_INSULIN_PATHWAY,21,1258,1677,0.26384900981050985,0.15927853853825402,0.21058332920074463,0.15965283063602237,0.48514851485148514,False,0.017740836166618944,0.1188118811881188,False,0.3276639221873342,0.33663366336633666,False,0.07025206935259198,0.2376237623762376,False,0.35644886072859655,0.2079207920792079,False,0.06059107737404697,0.25742574257425743,False
gse161529,8,REACTOME_HOST_INTERACTIONS_OF_HIV_FACTORS,130,1258,1677,0.736764732868972,-0.13153366259035149,0.21800914406776428,0.4498565750860828,0.019801980198019802,True,0.0515556823417517,0.0297029702970297,True,0.7806573446738574,0.04950495049504951,True,0.1431312835772678,0.009900990099009901,True,0.7940726447387134,0.009900990099009901,True,0.11199854273731104,0.009900990099009901,True
gse161529,8,HALLMARK_TGF_BETA_SIGNALING,54,1258,1677,0.5691968438190007,0.13418470778030678,0.19366581737995148,0.31262409277385816,0.039603960396039604,True,0.03686912171345601,0.26732673267326734,False,0.5471106744731509,0.5247524752475248,False,0.06149551760733091,0.31683168316831684,False,0.5703602458161712,0.9702970297029703,False,0.03779423763032762,0.09900990099009901,False
gse161529,8,WP_TNFALPHA_SIGNALING,92,1258,1677,0.5259729074745456,0.028305819871952007,0.13274480402469635,0.3788500382081386,0.1782178217821782,False,0.04792942325845016,0.7623762376237624,False,0.5385910619973417,0.7326732673267327,False,0.09343075000653525,0.40594059405940597,False,0.5633451600932069,0.24752475247524752,False,0.07385925634516197,0.6039603960396039,False
gse161529,8,GSE24634_IL4_VS_CTRL_TREATED_NAIVE_CD4_TCELL_DAY7_DN,190,1258,1677,0.5650363216734,0.19644457105881394,0.11194918304681778,0.5350434410579281,0.693069306930693,False,0.06794414602965886,0.07920792079207921,False,0.5546366894708997,0.6633663366336634,False,0.06958448838515954,0.04950495049504951,True,0.5764516652679234,0.7128712871287128,False,0.05888982102131439,0.019801980198019802,True
gse161529,8,GSE42021_CD24HI_VS_CD24INT_TCONV_THYMUS_UP,192,1258,1677,0.6143566352297032,0.15604240779584308,0.12392182648181915,0.4795098395865669,0.18811881188118812,False,0.05822783447777212,0.1485148514851485,False,0.5733926883408369,0.13861386138613863,False,0.07994454988079612,0.19801980198019803,False,0.5953072624773597,0.48514851485148514,False,0.05029099976815943,0.0594059405940594,False
gse161529,8,GSE14000_UNSTIM_VS_4H_LPS_DC_UP,189,1258,1677,0.2958520909341354,0.15788303002359913,0.10740166902542114,0.5291576309430064,0.009900990099009901,True,0.07251380069651173,0.27722772277227725,False,0.2737142193002051,0.5445544554455446,False,0.03773868468279035,0.019801980198019802,True,0.29172333483121693,0.8910891089108911,False,0.019424649419450497,0.009900990099009901,True
gse161529,8,REACTOME_ATTACHMENT_OF_GPI_ANCHOR_TO_UPAR,7,1258,1677,0.15835421804466074,0.04065146558693117,0.1394163817167282,0.1110926175661616,0.7128712871287128,False,0.016853130988175428,0.6732673267326733,False,0.16310461273490862,0.900990099009901,False,0.0032316286053522434,0.5247524752475248,False,0.16227967130304105,0.9207920792079208,False,-0.0001335275832072667,0.44554455445544555,False
gse161529,8,KEGG_AMINOACYL_TRNA_BIOSYNTHESIS,22,1258,1677,-0.09084920665238971,0.00030934004450206394,0.05553331598639488,0.21865989402360797,0.009900990099009901,True,0.04157868185509508,0.5544554455445545,False,-0.06973601313795297,0.39603960396039606,False,-0.013060176913490273,0.7128712871287128,False,-0.07387658858642425,0.5445544554455446,False,-0.006260229425885959,0.7920792079207921,False
gse161529,9,REACTOME_ORGANIC_ANION_TRANSPORT,5,1246,1677,-0.24897472892349795,-0.11413167587113805,,0.08840717877852458,0.009900990099009901,True,0.03163469751417208,0.13861386138613863,False,-0.23870255937607981,0.6237623762376238,False,-0.11388094231176978,1.0,False,-0.2398138297695412,0.6138613861386139,False,-0.11191469537659406,0.9405940594059405,False
gse161529,9,WP_SEROTONIN_AND_ANXIETY,17,1246,1677,0.07973545909389582,-0.0389975165145737,0.0647624135017395,0.17128660144370023,0.5346534653465347,False,0.08523375381753161,0.18811881188118812,False,0.16005976501550354,0.33663366336633666,False,0.04682619397040942,0.5544554455445545,False,0.1813939590237591,0.25742574257425743,False,0.09453729223422346,0.4752475247524752,False
gse161529,9,GSE13522_WT_VS_IFNG_KO_SKIN_DN,124,1246,1677,-0.0503120158380427,-0.10012263901594551,0.060533903539180756,0.3525967421656843,0.009900990099009901,True,0.17971295459410566,0.0297029702970297,True,0.14524309532475405,0.009900990099009901,True,0.11551526850711334,0.04950495049504951,True,0.16113418464454304,0.009900990099009901,True,0.10363807635413341,0.0891089108910891,False
gse161529,9,REACTOME_DNA_METHYLATION,5,1246,1677,-0.016021137440311577,-0.05317843344992896,0.07581993192434311,0.09757905413532575,0.39603960396039606,False,0.04014866275087188,0.3069306930693069,False,-0.010803631060697524,0.801980198019802,False,-0.007981941414030162,0.26732673267326734,False,-0.016940717434874877,0.9702970297029703,False,-0.019623474878065154,0.4158415841584158,False
gse161529,9,WP_OREXIN_RECEPTOR_PATHWAY,199,1246,1677,0.5131026834560107,0.20262953253029037,0.11778155714273453,0.4232607632056664,0.37623762376237624,False,0.23490846282760003,0.7722772277227723,False,0.5600571874488874,0.297029702970297,False,0.3448053628603758,0.1188118811881188,False,0.579900377686784,0.1485148514851485,False,0.3159922916871156,0.19801980198019803,False
gse161529,9,KEGG_MELANOGENESIS,101,1246,1677,0.3497221733603857,0.24135595707573793,0.08938321471214294,0.3547524287331939,0.9702970297029703,False,0.20238194534949597,0.7821782178217822,False,0.2936303522996043,0.33663366336633666,False,0.19234859684800296,0.5544554455445545,False,0.3359779892274919,0.7821782178217822,False,0.16719352830679984,0.37623762376237624,False
gse161529,9,REACTOME_HYALURONAN_METABOLISM,17,1246,1677,0.10000077474679474,0.03167522402757745,0.08398419618606567,0.1762110389147522,0.594059405940594,False,0.07448069827431139,0.693069306930693,False,0.12220216664154428,0.7029702970297029,False,0.06988367857795029,0.42574257425742573,False,0.13877267575912688,0.3069306930693069,False,0.023576338280727027,0.8910891089108911,False
gse161529,9,KEGG_CITRATE_CYCLE_TCA_CYCLE,30,1246,1677,0.0950603056138988,0.016404974362346707,0.14825783669948578,0.19337261106860776,0.45544554455445546,False,0.0941511154916646,0.5544554455445545,False,0.13590623870659477,0.37623762376237624,False,0.08499797816254816,0.13861386138613863,False,0.15569918742895794,0.0891089108910891,False,0.05895844527386594,0.4158415841584158,False
gse161529,9,GSE21670_STAT3_KO_VS_WT_CD4_TCELL_UP,190,1246,1677,0.5419631194059596,0.3475607599387539,0.09047873318195343,0.4210884279545861,0.1782178217821782,False,0.24329926097543736,0.39603960396039606,False,0.45885293716885467,0.09900990099009901,False,0.29923918270311095,0.5841584158415841,False,0.4730936179425742,0.0891089108910891,False,0.2333903048545768,0.1782178217821782,False
gse161529,9,GSE43955_TH0_VS_TGFB_IL6_TH17_ACT_CD4_TCELL_10H_UP,197,1246,1677,0.6815311812752585,0.35709946215915483,0.15128152072429657,0.40773991792575826,0.019801980198019802,True,0.19476860058257245,0.09900990099009901,False,0.6549843681963803,0.42574257425742573,False,0.417490708396688,0.42574257425742573,False,0.6788217322055308,0.900990099009901,False,0.38288450294395526,0.6633663366336634,False
gse161529,9,BIOCARTA_BCELLSURVIVAL_PATHWAY,15,1246,1677,0.3463282154562449,0.19401743650423273,0.20241829752922058,0.17142741914715104,0.1188118811881188,False,0.08022455250095648,0.33663366336633666,False,0.4049303659698362,0.40594059405940597,False,0.24076184078509372,0.693069306930693,False,0.4221378457677185,0.2871287128712871,False,0.23626410202701412,0.7623762376237624,False
gse161529,9,GSE40274_LEF1_VS_FOXP3_AND_LEF1_TRANSDUCED_ACTIVATED_CD4_TCELL_UP,195,1246,1677,0.4843898022354001,0.23942792591866685,0.12079392373561859,0.43382082933797295,0.5445544554455446,False,0.23009560588981828,0.9207920792079208,False,0.47186035018696904,0.7425742574257426,False,0.291138389991369,0.44554455445544555,False,0.5092325179623514,0.49504950495049505,False,0.26545248713426756,0.6831683168316832,False
gse161529,9,KEGG_PROSTATE_CANCER,89,1246,1677,0.4632926468677196,0.23987600946455273,0.14139875769615173,0.3101126406561916,0.1188118811881188,False,0.19141521604506279,0.7029702970297029,False,0.4361734066350489,0.6237623762376238,False,0.30436235294022396,0.5148514851485149,False,0.47099978687766564,0.8415841584158416,False,0.25685408331065274,0.8316831683168316,False
gse161529,9,GSE29618_PRE_VS_DAY7_POST_TIV_FLU_VACCINE_BCELL_DN,182,1246,1677,0.5873092852903299,0.25196395901870794,0.1417439728975296,0.39825468730827046,0.09900990099009901,False,0.22330341923514563,0.8415841584158416,False,0.5835713170489679,0.8811881188118812,False,0.3769413887423131,0.12871287128712872,False,0.6090769950581789,0.48514851485148514,False,0.34430340046627417,0.1782178217821782,False
gse161529,9,KEGG_N_GLYCAN_BIOSYNTHESIS,46,1246,1677,0.24507823545431823,0.1961109495461359,0.13272248208522797,0.21861252585864616,0.8415841584158416,False,0.11068173275000318,0.5643564356435643,False,0.25930074195897246,0.7623762376237624,False,0.1502554932918463,0.5445544554455446,False,0.2542389502811783,0.7920792079207921,False,0.1563373712897293,0.5445544554455446,False
gse161529,9,KEGG_INOSITOL_PHOSPHATE_METABOLISM,54,1246,1677,0.025422479183542245,0.035771151138256095,0.07044956088066101,0.2567457413302553,0.0594059405940594,False,0.11212224406625676,0.44554455445544555,False,0.0398093619314865,0.7722772277227723,False,0.023426585323863783,0.801980198019802,False,0.03338894642797524,0.900990099009901,False,-0.007390736586022082,0.5643564356435643,False
gse161529,9,GSE10273_HIGH_VS_LOW_IL7_TREATED_IRF4_8_NULL_PRE_BCELL_UP,193,1246,1677,0.4893465660031675,0.3477371100502864,0.12163539230823517,0.40657401636486745,0.3465346534653465,False,0.21618659668249957,0.16831683168316833,False,0.543786201716977,0.2079207920792079,False,0.33969961406561366,0.900990099009901,False,0.5679271944673412,0.019801980198019802,True,0.31109873639053487,0.46534653465346537,False
gse161529,9,BIOCARTA_PROTEASOME_PATHWAY,19,1246,1677,0.5029583962935276,0.24021799481935988,0.3826451897621155,0.13579704843628768,0.009900990099009901,True,0.050608248307625406,0.09900990099009901,False,0.5016076494168173,0.9504950495049505,False,0.3159695713835241,0.36633663366336633,False,0.5608918896185386,0.10891089108910891,False,0.3042855767235202,0.49504950495049505,False
gse161529,9,REACTOME_SIGNALING_BY_NOTCH1_T_7_9_NOTCH1_M1580_K2555_TRANSLOCATION_MUTANT,7,1246,1677,0.029879282401078563,0.0070975040614959205,0.07421064376831055,0.0723218320171406,0.7722772277227723,False,0.03062061819587044,0.7821782178217822,False,0.061977766201167184,0.36633663366336633,False,0.043198728641326845,0.44554455445544555,False,0.047438313287102865,0.5841584158415841,False,0.05779342105656103,0.32673267326732675,False
gse161529,9,WP_MITOCHONDRIAL_GENE_EXPRESSION,19,1246,1677,-0.08594364720194816,-0.006476771755779506,0.0733974501490593,0.17663445058166358,0.04950495049504951,True,0.07124680816825607,0.5445544554455446,False,0.006747259568610186,0.0297029702970297,True,-0.010184377376502761,0.9306930693069307,False,-0.003373911157889046,0.0594059405940594,False,-0.00916341958741734,0.9504950495049505,False
