dataset,cell_type,gene_set,k,n_cells,max_rank,rho_depth,rho_axis,observed_codetection,random_null_depth_median,random_null_depth_p,random_depth_reject,random_null_axis_median,random_axis_p,random_axis_reject,expression_null_depth_median,expression_null_depth_p,expression_depth_reject,expression_null_axis_median,expression_axis_p,expression_axis_reject,codetection_null_depth_median,codetection_null_depth_p,codetection_depth_reject,codetection_null_axis_median,codetection_axis_p,codetection_axis_reject
gse176078,B,REACTOME_SEROTONIN_RECEPTORS,8,1713,1233,-0.2769649514813768,0.046124492883057984,,0.047862724675014456,0.009900990099009901,True,-0.005687582372827035,0.4752475247524752,False,-0.24626278514630212,0.09900990099009901,False,0.07808775762272571,0.16831683168316833,False,-0.24762657108085834,0.1782178217821782,False,0.0764172852841362,0.18811881188118812,False
gse176078,B,WP_NUCLEAR_RECEPTORS_IN_LIPID_METABOLISM_AND_TOXICITY,28,1713,1233,-0.18207084576826102,0.11146444357678134,0.019611068069934845,0.09047603441038925,0.009900990099009901,True,-0.04466859201871712,0.19801980198019803,False,-0.2174831930982324,0.1485148514851485,False,0.055798092838368535,0.13861386138613863,False,-0.2146356631709304,0.24752475247524752,False,0.0606390134058764,0.25742574257425743,False
gse176078,B,KEGG_ASTHMA,25,1713,1233,0.49120995676223816,-0.2850427200654094,0.3725956380367279,0.12060322193679204,0.009900990099009901,True,-0.040363096728358805,0.07920792079207921,False,0.5072754689896612,0.8316831683168316,False,-0.08514267882669886,0.33663366336633666,False,0.49316724062470263,0.9603960396039604,False,-0.1638026184292581,0.36633663366336633,False
gse176078,B,GSE43863_NAIVE_VS_LY6C_LOW_CXCR5NEG_CD4_EFF_TCELL_D6_LCMV_UP,148,1713,1233,0.13212763883993892,0.04156582348067605,0.045452557504177094,0.23429439167576194,0.2376237623762376,False,-0.027909749671113357,0.594059405940594,False,0.18966871653104717,0.3465346534653465,False,-0.006925562914092548,0.7821782178217822,False,0.19466640959133386,0.2871287128712871,False,-0.0213537631164785,0.7227722772277227,False
gse176078,B,BIOCARTA_BTG2_PATHWAY,11,1713,1233,0.229836164364156,0.1526919876693143,0.13257426023483276,0.06815320509864876,0.04950495049504951,True,-0.008223336318170382,0.22772277227722773,False,0.24347914196435413,0.900990099009901,False,-0.09074731449558394,0.1782178217821782,False,0.2513016630106558,0.8118811881188119,False,-0.12766925456956166,0.10891089108910891,False
gse176078,B,BIOCARTA_LIS1_PATHWAY,19,1713,1233,0.09379766132223213,0.2471939525183398,0.06046239659190178,0.10109021476609326,0.9306930693069307,False,-0.023402407389383005,0.0297029702970297,True,0.1318361802729882,0.48514851485148514,False,-0.03217640555105546,0.0594059405940594,False,0.1383772328401616,0.45544554455445546,False,-0.08796927630738174,0.04950495049504951,True
gse176078,B,BIOCARTA_EDG1_PATHWAY,22,1713,1233,0.23337380831481525,-0.14472625157534424,0.06871300935745239,0.11006201174944849,0.1782178217821782,False,-0.009562612687242737,0.2376237623762376,False,0.15117415912018603,0.19801980198019803,False,-0.060430410103331444,0.6435643564356436,False,0.18386199707242123,0.49504950495049505,False,-0.06915486076282,0.594059405940594,False
gse176078,B,KEGG_PURINE_METABOLISM,144,1713,1233,0.256143083681706,-0.28469030118688066,0.06807821989059448,0.2352036685926464,0.8613861386138614,False,-0.05884061286651076,0.0594059405940594,False,0.2427800734329935,0.8415841584158416,False,-0.09302238536083199,0.019801980198019802,True,0.2679486935467576,0.6732673267326733,False,-0.16613516032499015,0.15841584158415842,False
gse176078,B,WP_REGULATORY_CIRCUITS_OF_STAT3_SIGNALING,77,1713,1233,0.24719041066516848,0.01582101305925671,0.055350691080093384,0.1818027355269793,0.49504950495049505,False,-0.03656921219245784,0.7524752475247525,False,0.19067919685723544,0.24752475247524752,False,-0.028541063857600045,0.7920792079207921,False,0.21296061335942634,0.5247524752475248,False,-0.09626183157817525,0.3465346534653465,False
gse176078,B,REACTOME_REGULATION_OF_TBK1_IKK_MEDIATED_ACTIVATION_OF_IRF3_IRF7_UPON_TLR3_LIGATION,11,1713,1233,0.268383133613469,0.20325192034086303,0.24148796498775482,0.07303202957293436,0.0297029702970297,True,-0.01324405771638745,0.12871287128712872,False,0.38949800016500036,0.1485148514851485,False,-0.13996516619178007,0.10891089108910891,False,0.4202179315494306,0.0594059405940594,False,-0.22961775490044956,0.0297029702970297,True
gse176078,B,KEGG_MTOR_SIGNALING_PATHWAY,50,1713,1233,0.12345738064532809,0.035429671639684544,0.07054448127746582,0.14830811726777227,0.7623762376237624,False,-0.04311290746905562,0.6534653465346535,False,0.18285124634174638,0.297029702970297,False,-0.09683626859547688,0.22772277227722773,False,0.19577702516785758,0.1485148514851485,False,-0.09663799562398351,0.16831683168316833,False
gse176078,B,REACTOME_INTERLEUKIN_12_FAMILY_SIGNALING,56,1713,1233,0.5999183610834128,-0.24148765337592604,0.19146470725536346,0.1738155938694586,0.009900990099009901,True,-0.06459326897267266,0.1485148514851485,False,0.536868872944281,0.1485148514851485,False,-0.13012604393445643,0.39603960396039606,False,0.5794304932947187,0.4752475247524752,False,-0.22879905913239462,0.9207920792079208,False
gse176078,B,BIOCARTA_BCR_PATHWAY,33,1713,1233,0.44323443451564337,0.05585989924369158,0.16997826099395752,0.09690789420488052,0.009900990099009901,True,-0.03182963008306144,0.40594059405940597,False,0.45510580193398753,0.8811881188118812,False,-0.10849201630363378,0.33663366336633666,False,0.4669800804779632,0.6534653465346535,False,-0.10202816645326843,0.3069306930693069,False
gse176078,B,WP_STING_PATHWAY_IN_KAWASAKILIKE_DISEASE_AND_COVID19,19,1713,1233,0.1753323955980843,0.2462501309084589,0.1000877097249031,0.0842706267318214,0.2871287128712871,False,-0.02176415243237819,0.019801980198019802,True,0.21919605375576584,0.5346534653465347,False,-0.0021186129105078655,0.1485148514851485,False,0.25589173653671465,0.25742574257425743,False,-0.07321205000242861,0.07920792079207921,False
gse176078,B,GSE43955_TH0_VS_TGFB_IL6_IL23_TH17_ACT_CD4_TCELL_60H_DN,193,1713,1233,0.5688437797211976,0.0625751716327847,0.10154739022254944,0.2684018083482053,0.009900990099009901,True,-0.06874474149194454,0.31683168316831684,False,0.5644774916396672,0.9108910891089109,False,-0.12935053865186036,0.10891089108910891,False,0.6061798390265326,0.22772277227722773,False,-0.23418522301384131,0.009900990099009901,True
gse176078,B,KEGG_HOMOLOGOUS_RECOMBINATION,26,1713,1233,0.1350732127532716,-0.19861308641185604,0.057894591242074966,0.10325794289789389,0.7425742574257426,False,-0.03946869303485656,0.1485148514851485,False,0.11214768752763928,0.6633663366336634,False,-0.0653857741276804,0.2079207920792079,False,0.13357101593047588,0.9603960396039604,False,-0.11784028049658202,0.3069306930693069,False
gse176078,B,GSE34515_CD16_NEG_MONOCYTE_VS_DC_DN,180,1713,1233,0.504617854960424,-0.31271277974554545,0.08919251710176468,0.27657334346347173,0.0297029702970297,True,-0.08811495025546581,0.10891089108910891,False,0.4390655186528199,0.09900990099009901,False,-0.1536085664076603,0.1188118811881188,False,0.4643019686728128,0.26732673267326734,False,-0.1934256971203712,0.2376237623762376,False
gse176078,B,REACTOME_NEGATIVE_REGULATION_OF_NOTCH4_SIGNALING,53,1713,1233,0.5432711334085671,-0.2859372129983571,0.2291194498538971,0.1471648905629546,0.009900990099009901,True,-0.056929610743659056,0.0891089108910891,False,0.5330810421639935,0.7722772277227723,False,-0.09646331661156235,0.12871287128712872,False,0.575840979789248,0.3069306930693069,False,-0.22693493633224848,0.594059405940594,False
gse176078,B,BIOCARTA_PTC1_PATHWAY,10,1713,1233,-0.023838175491548052,0.12897841231711885,0.052021801471710205,0.08089979240890552,0.22772277227722773,False,-0.02378209398421733,0.15841584158415842,False,0.07355297595309995,0.019801980198019802,True,-0.0539386221131834,0.039603960396039604,True,0.0709916686274388,0.04950495049504951,True,-0.06201035121535603,0.06930693069306931,False
gse176078,B,BIOCARTA_ETC_PATHWAY,9,1713,1233,0.27141581510427026,-0.20245002565441772,0.180435448884964,0.05190140964607935,0.04950495049504951,True,-0.018078077771995726,0.10891089108910891,False,0.2306619760727498,0.5544554455445545,False,-0.07837675003479039,0.44554455445544555,False,0.27036361191333363,0.9801980198019802,False,-0.15840081289462937,0.6633663366336634,False
gse176078,CD4+ T,REACTOME_SEROTONIN_RECEPTORS,8,4000,1233,-0.2627038952864406,-0.06412204126041524,0.0,0.048503129207790735,0.019801980198019802,True,-0.005008419568977693,0.3465346534653465,False,-0.2530563086212598,0.36633663366336633,False,-0.069817691493546,0.7128712871287128,False,-0.251986683695947,0.32673267326732675,False,-0.06850298961326265,0.7920792079207921,False
gse176078,CD4+ T,BIOCARTA_EXTRINSIC_PATHWAY,13,4000,1233,-0.2395210174921737,-0.0771564011659831,0.00029780901968479156,0.09419455121513667,0.009900990099009901,True,0.0029071789863529896,0.32673267326732675,False,-0.2440615819500775,0.8316831683168316,False,-0.07129562097580644,0.7821782178217822,False,-0.24155401647613028,0.8910891089108911,False,-0.06504132945079528,0.5841584158415841,False
gse176078,CD4+ T,GSE26488_WT_VS_HDAC7_KO_DOUBLE_POSITIVE_THYMOCYTE_DN,161,4000,1233,0.21259718494860227,0.2924775204303662,0.04014846310019493,0.24140722961940542,0.7128712871287128,False,0.06714617841579586,0.07920792079207921,False,0.13385748388663776,0.24752475247524752,False,0.05466983277315611,0.0297029702970297,True,0.15682221821057696,0.40594059405940597,False,0.005539354462726255,0.009900990099009901,True
gse176078,CD4+ T,KEGG_GLYCINE_SERINE_AND_THREONINE_METABOLISM,28,4000,1233,-0.15875664450431948,-0.0673460131306101,0.018739035353064537,0.09394084573521343,0.019801980198019802,True,-0.00027518891132560124,0.49504950495049505,False,-0.17753981354359494,0.32673267326732675,False,-0.06789972207418762,0.9801980198019802,False,-0.17058408884287213,0.504950495049505,False,-0.07387078554437576,0.7821782178217822,False
gse176078,CD4+ T,GSE22342_CD11C_HIGH_VS_LOW_DECIDUAL_MACROPHAGES_DN,152,4000,1233,-0.06421258514389254,-0.04021711040305982,0.023257844150066376,0.24847827167519793,0.009900990099009901,True,0.08373216191106114,0.36633663366336633,False,-0.14139869736799487,0.1188118811881188,False,-0.06828271273803611,0.7524752475247525,False,-0.11672113527232142,0.1485148514851485,False,-0.09465108362800098,0.44554455445544555,False
gse176078,CD4+ T,GSE15330_LYMPHOID_MULTIPOTENT_VS_PRO_BCELL_UP,187,4000,1233,0.39292495058447,0.3885201519333439,0.0591229610145092,0.27801105990903413,0.2079207920792079,False,0.12283954608824432,0.019801980198019802,True,0.42657550062831184,0.5346534653465347,False,0.2043602288072695,0.13861386138613863,False,0.4757157548248857,0.07920792079207921,False,0.2072518616518118,0.06930693069306931,False
gse176078,CD4+ T,REACTOME_IRAK4_DEFICIENCY_TLR2_4,18,4000,1233,0.043560089847234064,-0.20458413672072506,0.03426774591207504,0.08389198879173253,0.6534653465346535,False,0.00033343642441139,0.1485148514851485,False,0.05282439979289981,0.9207920792079208,False,0.07411493088894344,0.06930693069306931,False,0.056361728619257,0.8811881188118812,False,0.05658928913401166,0.15841584158415842,False
gse176078,CD4+ T,GSE3982_DC_VS_MAC_UP,181,4000,1233,0.18322933820322565,0.0025751480205793075,0.04696667939424515,0.2818963979307483,0.33663366336633666,False,0.09193519873341344,0.46534653465346537,False,0.12746867728003825,0.3564356435643564,False,0.023167428399476254,0.8217821782178217,False,0.17163268100993073,0.8316831683168316,False,0.004113393291983594,0.9702970297029703,False
gse176078,CD4+ T,KEGG_INTESTINAL_IMMUNE_NETWORK_FOR_IGA_PRODUCTION,46,4000,1233,0.20684131252182092,0.0036997117915800876,0.06377871334552765,0.13125082452669773,0.46534653465346537,False,0.035720780529918866,0.7326732673267327,False,0.20275110124739282,0.9801980198019802,False,0.10109028467947881,0.3564356435643564,False,0.25816654405759,0.37623762376237624,False,0.07329414339494698,0.48514851485148514,False
gse176078,CD4+ T,WP_TRANSCRIPTIONAL_CASCADE_REGULATING_ADIPOGENESIS,13,4000,1233,0.10525408936866673,0.09937737591916264,0.05814607813954353,0.06133652140636346,0.6138613861386139,False,0.0018343875841480223,0.3564356435643564,False,0.12589774536870146,0.7029702970297029,False,0.03691555471312344,0.40594059405940597,False,0.10601896967918874,0.9801980198019802,False,0.04946305214254937,0.5346534653465347,False
gse176078,CD4+ T,BIOCARTA_HIF_PATHWAY,15,4000,1233,0.26602560047374874,0.2683570743667004,0.13696089386940002,0.06583220614472984,0.04950495049504951,True,-0.0028933477603288217,0.0594059405940594,False,0.27806694909415697,0.9207920792079208,False,0.14042141479234022,0.48514851485148514,False,0.3631040714009515,0.32673267326732675,False,0.1358032842709873,0.38613861386138615,False
gse176078,CD4+ T,WP_TH17_CELL_DIFFERENTIATION_PATHWAY,67,4000,1233,0.565304269915925,0.3774788011249169,0.13691972196102142,0.1422582134374412,0.009900990099009901,True,0.039419933054861564,0.009900990099009901,True,0.45899883526210916,0.09900990099009901,False,0.2422542859998981,0.26732673267326734,False,0.5290279810506462,0.43564356435643564,False,0.19971872993650158,0.16831683168316833,False
gse176078,CD4+ T,GSE15750_WT_VS_TRAF6KO_DAY10_EFF_CD8_TCELL_UP,187,4000,1233,0.17557375704278413,0.08575932696440826,0.04426669329404831,0.26922397319307845,0.32673267326732675,False,0.0789587152022628,0.9504950495049505,False,0.21135070520928922,0.594059405940594,False,0.05308689876123114,0.7227722772277227,False,0.2618151108625192,0.09900990099009901,False,0.06912686143635546,0.8613861386138614,False
gse176078,CD4+ T,GSE5589_LPS_AND_IL10_VS_LPS_AND_IL6_STIM_IL10_KO_MACROPHAGE_45MIN_DN,186,4000,1233,0.18885394912823714,0.14323793356132516,0.03851320967078209,0.2764216160070877,0.3069306930693069,False,0.084778095066169,0.5742574257425742,False,0.18249604328674732,0.8811881188118812,False,0.034567715375615954,0.2871287128712871,False,0.23932976000381412,0.40594059405940597,False,0.044445662992971716,0.46534653465346537,False
gse176078,CD4+ T,GSE22886_NAIVE_BCELL_VS_NEUTROPHIL_DN,189,4000,1233,0.3845987161248828,0.3505336646497299,0.06285113096237183,0.2580599254798822,0.13861386138613863,False,0.08760735828315871,0.019801980198019802,True,0.3962260995672043,0.8613861386138614,False,0.1719123769527224,0.15841584158415842,False,0.4577955975230612,0.1782178217821782,False,0.16425241277598865,0.10891089108910891,False
gse176078,CD4+ T,GSE3920_UNTREATED_VS_IFNA_TREATED_ENDOTHELIAL_CELL_UP,170,4000,1233,0.4003625192348005,0.2439518396069121,0.05816386267542839,0.24418097838737296,0.09900990099009901,False,0.08096006020737859,0.1782178217821782,False,0.40315074416957586,0.9603960396039604,False,0.16935839257048602,0.44554455445544555,False,0.44686202026848354,0.36633663366336633,False,0.16121164733288074,0.49504950495049505,False
gse176078,CD4+ T,KEGG_BLADDER_CANCER,41,4000,1233,0.06521164415082677,0.32177028915275896,0.04581468179821968,0.14104134017486025,0.42574257425742573,False,0.04020454747920879,0.039603960396039604,True,0.07049104483585383,0.9108910891089109,False,0.018337616101111863,0.009900990099009901,True,0.10675291214904482,0.32673267326732675,False,0.00066357345082851,0.009900990099009901,True
gse176078,CD4+ T,BIOCARTA_EIF2_PATHWAY,10,4000,1233,0.2531561675044601,0.10237086393420673,0.14276593923568726,0.0648353123671615,0.019801980198019802,True,-0.002882465467233038,0.2871287128712871,False,0.18577835440864404,0.21782178217821782,False,0.08452533469094847,0.9108910891089109,False,0.24459138551375398,0.8910891089108911,False,0.08952935813094126,0.9306930693069307,False
gse176078,CD4+ T,BIOCARTA_NKCELLS_PATHWAY,20,4000,1233,0.3849315539097062,0.06460300252544121,0.10603448748588562,0.08335747107777683,0.009900990099009901,True,0.021100471423628454,0.693069306930693,False,0.25160385176540034,0.0891089108910891,False,0.09111015764231103,0.8910891089108911,False,0.31290447593266085,0.297029702970297,False,0.09810874662229457,0.7920792079207921,False
gse176078,CD4+ T,HALLMARK_MYC_TARGETS_V2,57,4000,1233,0.23599067973073554,0.29265295201152175,0.07706817239522934,0.15139405399009492,0.4158415841584158,False,0.05037751347301582,0.039603960396039604,True,0.28441614947977256,0.48514851485148514,False,0.154020711145825,0.25742574257425743,False,0.32821533929003893,0.1782178217821782,False,0.12212997990400398,0.2871287128712871,False
gse176078,CD8+ T,REACTOME_SEROTONIN_RECEPTORS,8,4000,1233,-0.26920650453886696,0.12167799031727976,,0.05749981959713457,0.019801980198019802,True,-0.035594974714595384,0.1782178217821782,False,-0.26966406492986383,0.9603960396039604,False,0.12114054126965992,0.9702970297029703,False,-0.2682948319382873,0.9306930693069307,False,0.12150823189416846,1.0,False
gse176078,CD8+ T,WP_STEROID_BIOSYNTHESIS,6,4000,1233,-0.07942722978807032,0.011624233582574594,0.028030579909682274,0.07141834231289192,0.1485148514851485,False,-0.02537302218698234,0.7722772277227723,False,-0.07587608570602244,0.9207920792079208,False,0.024500007114368144,0.7227722772277227,False,-0.08124003606140531,0.9603960396039604,False,0.035540413857851005,0.6336633663366337,False
gse176078,CD8+ T,REACTOME_NCAM1_INTERACTIONS,39,4000,1233,-0.21824724660326067,0.28945073658464315,0.015591311268508434,0.10226786510106856,0.009900990099009901,True,-0.06076860326344794,0.009900990099009901,True,-0.16958241717175854,0.40594059405940597,False,0.05913472552489733,0.0594059405940594,False,-0.1719469942076957,0.4158415841584158,False,0.0521973727675105,0.019801980198019802,True
gse176078,CD8+ T,GSE29949_DC_BRAIN_VS_MONOCYTE_BONE_MARROW_DN,181,4000,1233,0.23587706944268103,-0.08993361562674604,0.05008365586400032,0.2646113813659519,0.801980198019802,False,-0.10391371063584764,0.8316831683168316,False,0.20317908740707818,0.6534653465346535,False,-0.1002258772707257,0.9702970297029703,False,0.22444163190121813,0.8712871287128713,False,-0.0898855841143614,1.0,False
gse176078,CD8+ T,REACTOME_G_BETA_GAMMA_SIGNALLING_THROUGH_PI3KGAMMA,25,4000,1233,0.32305262054285677,-0.22650105216029712,0.07820120453834534,0.1011010771245412,0.0297029702970297,True,-0.06106517208120238,0.1782178217821782,False,0.19496705553699936,0.10891089108910891,False,-0.06710069549513532,0.42574257425742573,False,0.2143707231313735,0.0891089108910891,False,-0.11217668419383015,0.40594059405940597,False
gse176078,CD8+ T,KEGG_MELANOMA,66,4000,1233,-0.042052204741057635,0.16309355167517112,0.0358668752014637,0.1618739262821417,0.039603960396039604,True,-0.07949301354862542,0.07920792079207921,False,-0.02005848952943915,0.6237623762376238,False,-0.029299003685114663,0.06930693069306931,False,-0.015713618084515674,0.5247524752475248,False,-0.04054374657682436,0.0297029702970297,True
gse176078,CD8+ T,KEGG_ASTHMA,25,4000,1233,0.2962296407800787,-0.5817395771696183,0.1324741691350937,0.10865354184192855,0.0891089108910891,False,-0.059894243105275066,0.009900990099009901,True,0.27538350328998334,0.7920792079207921,False,-0.047722134458467666,0.009900990099009901,True,0.31687045601644953,0.7623762376237624,False,-0.13591797909637277,0.009900990099009901,True
gse176078,CD8+ T,GSE19888_CTRL_VS_TCELL_MEMBRANES_ACT_MAST_CELL_PRETREAT_A3R_INH_UP,176,4000,1233,-0.03214826615692094,0.01250955626045294,0.03998403996229172,0.2648621329665231,0.009900990099009901,True,-0.138601395790893,0.21782178217821782,False,0.05844823455845536,0.06930693069306931,False,-0.028579671410718745,0.6336633663366337,False,0.062326282672515644,0.0594059405940594,False,-0.05384148191237732,0.39603960396039606,False
gse176078,CD8+ T,GSE28783_ANTI_MIR33_VS_UNTREATED_ATHEROSCLEROSIS_MACROPHAGE_UP,184,4000,1233,0.3981152087331577,-0.031579885201580005,0.05914103239774704,0.2654788722362311,0.09900990099009901,False,-0.09961014167254123,0.5247524752475248,False,0.3173727482764735,0.13861386138613863,False,-0.13184839389443084,0.4752475247524752,False,0.35837029672750154,0.42574257425742573,False,-0.22056513257006938,0.13861386138613863,False
gse176078,CD8+ T,REACTOME_TP53_REGULATES_TRANSCRIPTION_OF_CASPASE_ACTIVATORS_AND_CASPASES,12,4000,1233,-0.007106529855823517,-0.026539005692513794,0.04059751704335213,0.07823276924340869,0.40594059405940597,False,-0.034335360903619355,0.9207920792079208,False,0.015620502003144986,0.42574257425742573,False,-0.03150564953862472,0.9504950495049505,False,0.031064910055366952,0.22772277227722773,False,-0.04668775351968571,0.6831683168316832,False
gse176078,CD8+ T,BIOCARTA_EGF_PATHWAY,27,4000,1233,0.2520636658939732,0.16723203299446734,0.1318255066871643,0.06850875710922938,0.09900990099009901,False,-0.011907213444217218,0.1782178217821782,False,0.3004239349922785,0.42574257425742573,False,-0.1203126227123108,0.039603960396039604,True,0.3496629505740238,0.15841584158415842,False,-0.205726904153365,0.0297029702970297,True
gse176078,CD8+ T,GSE2405_S_AUREUS_VS_UNTREATED_NEUTROPHIL_UP,185,4000,1233,0.37451687770216413,-0.31150979950758134,0.08733925968408585,0.26242330072790215,0.2871287128712871,False,-0.08680231709882016,0.0594059405940594,False,0.3223011692096459,0.24752475247524752,False,-0.19269420568457607,0.15841584158415842,False,0.35772475663891223,0.6633663366336634,False,-0.25290887716233695,0.4752475247524752,False
gse176078,CD8+ T,WP_APOPTOSISRELATED_NETWORK_DUE_TO_ALTERED_NOTCH3_IN_OVARIAN_CANCER,52,4000,1233,0.3484468302035341,0.30130119143464046,0.13572219014167786,0.13744980621603137,0.0594059405940594,False,-0.09399065249686345,0.009900990099009901,True,0.3934804621224902,0.48514851485148514,False,-0.14591823305432244,0.009900990099009901,True,0.43700874910079923,0.07920792079207921,False,-0.25692513045166765,0.009900990099009901,True
gse176078,CD8+ T,REACTOME_DEFECTIVE_CFTR_CAUSES_CYSTIC_FIBROSIS,59,4000,1233,0.5179194352710593,-0.5092824782886894,0.21831966936588287,0.1366491056774803,0.009900990099009901,True,-0.04312889142813736,0.009900990099009901,True,0.49420914725164944,0.6831683168316832,False,-0.18860660813186717,0.009900990099009901,True,0.5473159218628286,0.49504950495049505,False,-0.2912687707315083,0.0594059405940594,False
gse176078,CD8+ T,GSE32901_NAIVE_VS_TH1_CD4_TCELL_DN,159,4000,1233,0.22120521086620767,-0.17305234375395911,0.05440559983253479,0.23642052963653976,0.8712871287128713,False,-0.09908780368102033,0.5445544554455446,False,0.20603705001187156,0.7326732673267327,False,-0.09665620249753731,0.37623762376237624,False,0.23424471677997682,0.801980198019802,False,-0.1298939959238561,0.7425742574257426,False
gse176078,CD8+ T,GSE40068_BCL6_POS_VS_NEG_CXCR5_POS_TFH_DN,188,4000,1233,0.3769746352703835,0.04913976593658743,0.07860107719898224,0.28657048495257076,0.36633663366336633,False,-0.13990474728782226,0.0891089108910891,False,0.46233320931779964,0.12871287128712872,False,-0.17484602525770904,0.0594059405940594,False,0.5014489698469546,0.019801980198019802,True,-0.23604148260645627,0.0297029702970297,True
gse176078,CD8+ T,KEGG_DNA_REPLICATION,36,4000,1233,0.05816132169518053,-0.12383751987741069,0.07457786798477173,0.08401792132180938,0.7821782178217822,False,-0.034298735664929955,0.33663366336633666,False,0.05600757886178169,0.9306930693069307,False,-0.061833448256597645,0.36633663366336633,False,0.09211275014863352,0.3465346534653465,False,-0.10930111946867793,0.8118811881188119,False
gse176078,CD8+ T,KEGG_AMINOACYL_TRNA_BIOSYNTHESIS,22,4000,1233,-0.06704258576023518,-0.0215300151359609,0.03501439467072487,0.08380990554199952,0.13861386138613863,False,-0.05041376954295797,0.7920792079207921,False,-0.0870198416610623,0.3465346534653465,False,0.010898759158955395,0.37623762376237624,False,-0.08207901792623659,0.46534653465346537,False,0.010887846193918506,0.24752475247524752,False
gse176078,CD8+ T,BIOCARTA_ATM_PATHWAY,19,4000,1233,0.2287317298167096,0.15644106712114306,0.10090130567550659,0.07866430514760744,0.12871287128712872,False,-0.05484865130882988,0.0891089108910891,False,0.21647971869724836,0.8415841584158416,False,-0.04153548196948697,0.27722772277227725,False,0.2989217360879691,0.32673267326732675,False,-0.20011323857363206,0.019801980198019802,True
gse176078,CD8+ T,BIOCARTA_CERAMIDE_PATHWAY,21,4000,1233,0.1733171922835741,-0.14050633008192373,0.09666014462709427,0.08844159050110065,0.38613861386138615,False,-0.040922919784081344,0.38613861386138615,False,0.09994275294869584,0.0891089108910891,False,-0.08393246814670902,0.36633663366336633,False,0.12011965177972991,0.06930693069306931,False,-0.10306483534541501,0.5247524752475248,False
gse176078,Cancer epithelial,BIOCARTA_PEPI_PATHWAY,7,4000,1233,0.2580096880241451,-0.058443224023334274,0.1997101753950119,-0.02442469171209504,0.0297029702970297,True,-0.0100907620153942,0.6435643564356436,False,0.14366267142042383,0.12871287128712872,False,0.06203563525069,0.5841584158415841,False,0.17466396965240163,0.1782178217821782,False,-0.09479305832361219,0.8415841584158416,False
gse176078,Cancer epithelial,BIOCARTA_41BB_PATHWAY,18,4000,1233,0.11955154249711654,0.44699849311839407,0.18838830292224884,0.043995194092637524,0.6237623762376238,False,-0.013538682908072315,0.019801980198019802,True,0.19450137829386252,0.43564356435643564,False,0.06065354320997502,0.07920792079207921,False,0.20716607622724043,0.22772277227722773,False,-0.06553182447113759,0.019801980198019802,True
gse176078,Cancer epithelial,BIOCARTA_FMLP_PATHWAY,34,4000,1233,0.3190006956679715,0.03779106076770161,0.24166646599769592,-0.0006936330510877988,0.0297029702970297,True,-0.006131465524394947,0.7821782178217822,False,0.2632814637373799,0.42574257425742573,False,0.01771013198431461,0.9306930693069307,False,0.292687615129988,0.7524752475247525,False,-0.09676513877300516,0.48514851485148514,False
gse176078,Cancer epithelial,WP_ONECARBON_METABOLISM,28,4000,1233,-0.12060319368801059,-0.24032926333051743,0.18752771615982056,0.02343569194574086,0.4158415841584158,False,-0.015494669523459743,0.16831683168316833,False,-0.1289800693207181,0.8613861386138614,False,-0.03892285612521172,0.0891089108910891,False,-0.11560781833101377,0.900990099009901,False,-0.06710357216911174,0.16831683168316833,False
gse176078,Cancer epithelial,KEGG_GLYCOSPHINGOLIPID_BIOSYNTHESIS_GANGLIO_SERIES,15,4000,1233,-0.0828913542467663,0.013627770645099232,0.1393645703792572,-0.0008011193624178853,0.6435643564356436,False,0.03052762245740591,0.8910891089108911,False,-0.18735286097425813,0.0297029702970297,True,-0.013567468346485662,0.8514851485148515,False,-0.1695911261683778,0.039603960396039604,True,-0.08519752698099115,0.1782178217821782,False
gse176078,Cancer epithelial,REACTOME_RUNX1_REGULATES_TRANSCRIPTION_OF_GENES_INVOLVED_IN_DIFFERENTIATION_OF_HSCS,67,4000,1233,0.395480787936112,-0.38651731860439814,0.43642276525497437,0.03885782307002421,0.009900990099009901,True,-0.00916459918386726,0.04950495049504951,True,0.4444544400476439,0.43564356435643564,False,-0.004849124190465986,0.0297029702970297,True,0.475570934999041,0.0891089108910891,False,-0.10420988146921578,0.04950495049504951,True
gse176078,Cancer epithelial,BIOCARTA_MTA3_PATHWAY,18,4000,1233,0.2407341571631518,0.34669415231244544,0.28480011224746704,-0.0325792135824535,0.039603960396039604,True,0.005487896665382493,0.07920792079207921,False,0.335083671113892,0.19801980198019803,False,0.03309870815234642,0.1188118811881188,False,0.301521284084704,0.5346534653465347,False,0.10946382525126289,0.2871287128712871,False
gse176078,Cancer epithelial,GSE39820_CTRL_VS_TGFBETA1_IL6_CD4_TCELL_DN,191,4000,1233,0.19281471773414893,-0.03876323920519866,0.25023627281188965,0.07639129350042798,0.3564356435643564,False,0.030711911612968483,0.7128712871287128,False,0.19494517306926668,0.9306930693069307,False,-0.0033703109298823886,0.7524752475247525,False,0.22498621555719056,0.6138613861386139,False,-0.12276160498751627,0.6237623762376238,False
gse176078,Cancer epithelial,WP_17P133_YWHAE_COPY_NUMBER_VARIATION,21,4000,1233,0.3439141769247792,-0.1283261154211411,0.34869396686553955,0.03338760560999736,0.019801980198019802,True,0.038454596285202855,0.36633663366336633,False,0.30343201982678875,0.48514851485148514,False,0.017584098787523754,0.43564356435643564,False,0.33511776400801097,0.8118811881188119,False,-0.01570945757301018,0.38613861386138615,False
gse176078,Cancer epithelial,GSE17974_CTRL_VS_ACT_IL4_AND_ANTI_IL12_72H_CD4_TCELL_DN,180,4000,1233,0.24263217362799422,-0.33501397446106146,0.25056883692741394,0.06948042470028507,0.18811881188118812,False,0.03430599927248032,0.04950495049504951,True,0.2654330533098078,0.693069306930693,False,-0.036960391195744784,0.0594059405940594,False,0.281502081263038,0.5742574257425742,False,-0.09723709493640578,0.13861386138613863,False
gse176078,Cancer epithelial,KEGG_VEGF_SIGNALING_PATHWAY,72,4000,1233,-0.02340234738067008,0.16892501939965973,0.14491352438926697,0.05020228418269948,0.6336633663366337,False,-0.003535043621150555,0.36633663366336633,False,-0.024104087097773154,0.9702970297029703,False,0.0063008746989808295,0.3564356435643564,False,0.005070109390998997,0.5841584158415841,False,-0.07399406737419237,0.12871287128712872,False
gse176078,Cancer epithelial,GSE42021_CD24HI_VS_CD24INT_TCONV_THYMUS_UP,188,4000,1233,-0.06358409787786286,0.38803789846523684,0.21603234112262726,0.0782362582750846,0.37623762376237624,False,-0.01406936963893253,0.039603960396039604,True,-0.03420005041895238,0.6633663366336634,False,-0.05934055141936376,0.009900990099009901,True,-0.002577632333795787,0.3465346534653465,False,-0.1699847750671995,0.009900990099009901,True
gse176078,Cancer epithelial,KEGG_ETHER_LIPID_METABOLISM,31,4000,1233,0.1594111143256767,0.140524306908191,0.10944382101297379,0.0555944269813439,0.5445544554455446,False,0.024451542585900373,0.5643564356435643,False,0.03704382175461934,0.0297029702970297,True,-0.06606829043359674,0.19801980198019803,False,0.06482508023578559,0.10891089108910891,False,-0.1194625504841269,0.10891089108910891,False
gse176078,Cancer epithelial,KEGG_CHRONIC_MYELOID_LEUKEMIA,73,4000,1233,0.02137470367036063,0.029885856864825984,0.2236262559890747,0.07608630456779363,0.7524752475247525,False,-0.03389269667768507,0.6732673267326733,False,-0.07061601948168818,0.16831683168316833,False,-0.015448448815767714,0.8118811881188119,False,-0.09247830490329077,0.0297029702970297,True,0.038790668096272594,0.9702970297029703,False
gse176078,Cancer epithelial,GSE34156_NOD2_LIGAND_VS_NOD2_AND_TLR1_TLR2_LIGAND_24H_TREATED_MONOCYTE_UP,153,4000,1233,0.2778840985625941,-0.15417140883241726,0.11934725195169449,0.04935863068994216,0.12871287128712872,False,0.00601642325883648,0.32673267326732675,False,0.179847330415901,0.10891089108910891,False,-0.01797738521411283,0.45544554455445546,False,0.21704233966847472,0.32673267326732675,False,-0.13814472416731566,0.900990099009901,False
gse176078,Cancer epithelial,HALLMARK_MYC_TARGETS_V2,57,4000,1233,0.18818476949322846,-0.39225148024390005,0.34121835231781006,0.03595802982344787,0.3069306930693069,False,0.008528607456780073,0.019801980198019802,True,0.12274322570570353,0.26732673267326734,False,-0.026882400691485273,0.04950495049504951,True,0.139242365095401,0.44554455445544555,False,-0.07379681675968355,0.04950495049504951,True
gse176078,Cancer epithelial,REACTOME_CDC6_ASSOCIATION_WITH_THE_ORC_ORIGIN_COMPLEX,8,4000,1233,-0.1811298561376581,-0.08814607339273461,0.19025571644306183,-0.0018588126965908775,0.2079207920792079,False,-0.02225260267830803,0.5742574257425742,False,-0.19450401592394623,0.7029702970297029,False,0.02148702657110635,0.0594059405940594,False,-0.17639365645128868,0.8910891089108911,False,-0.036302090336857315,0.39603960396039606,False
gse176078,Cancer epithelial,BIOCARTA_RNA_PATHWAY,10,4000,1233,0.22217608612402245,-0.011389659545571697,0.34605517983436584,-0.0011059150937817576,0.10891089108910891,False,-0.026357890638330717,0.900990099009901,False,0.14072918175496885,0.16831683168316833,False,-0.006231515614674799,0.9801980198019802,False,0.13436392728416086,0.1782178217821782,False,0.02764126637428116,0.9108910891089109,False
gse176078,Cancer epithelial,BIOCARTA_HSP27_PATHWAY,14,4000,1233,-0.05789500525749258,0.39514113998916317,0.12442681938409805,0.03538908378686567,0.6237623762376238,False,0.015406569959719237,0.0891089108910891,False,0.06253412267509921,0.2079207920792079,False,0.041738011240032694,0.16831683168316833,False,0.04470421487759303,0.297029702970297,False,-0.0035987080269071457,0.0891089108910891,False
gse176078,Cancer epithelial,WP_MAMMARY_GLAND_DEVELOPMENT_PUBERTY_STAGE_2_OF_4,13,4000,1233,0.27311766344518823,0.08433820293924957,0.2849113941192627,-0.0013765180031421506,0.0594059405940594,False,-0.0021150406509656923,0.5148514851485149,False,0.1944332228347751,0.25742574257425743,False,0.040547750072212896,0.8118811881188119,False,0.13786898704838788,0.07920792079207921,False,0.18028873584426636,0.7029702970297029,False
gse176078,Dendritic,KEGG_MATURITY_ONSET_DIABETES_OF_THE_YOUNG,19,527,1233,-0.20008581005014472,0.03900107308852581,0.02056785300374031,0.04059555592417589,0.09900990099009901,False,-0.018476242302352876,0.7623762376237624,False,-0.2876937981015626,0.04950495049504951,True,0.11724531111437445,0.16831683168316833,False,-0.28209711286471595,0.04950495049504951,True,0.11724785563906728,0.16831683168316833,False
gse176078,Dendritic,BIOCARTA_NUCLEARRS_PATHWAY,30,527,1233,-0.11898910333219646,-0.14757760559736724,0.06059204041957855,0.03490701206347861,0.31683168316831684,False,0.0036088572495667137,0.42574257425742573,False,-0.22364413859121163,0.06930693069306931,False,0.10273490780893883,0.009900990099009901,True,-0.21712056691431486,0.0594059405940594,False,0.07085278014066491,0.019801980198019802,True
gse176078,Dendritic,WP_17Q12_COPY_NUMBER_VARIATION_SYNDROME,84,527,1233,-0.21224340016667512,0.08861809098274544,0.09370101243257523,0.06184522828113648,0.1188118811881188,False,-0.04975324120601457,0.5841584158415841,False,-0.12788071023602848,0.32673267326732675,False,0.07125783165625643,0.9405940594059405,False,-0.1083214623306297,0.25742574257425743,False,0.06217747144847946,0.9207920792079208,False
gse176078,Dendritic,KEGG_GAP_JUNCTION,83,527,1233,0.23335401077882462,-0.26579397634530777,0.135812446475029,0.05906694980986698,0.24752475247524752,False,-0.0053124839126143415,0.24752475247524752,False,0.23506819283974317,0.9801980198019802,False,-0.15186382945556948,0.48514851485148514,False,0.286094550433333,0.5742574257425742,False,-0.22446731830314076,0.7425742574257426,False
gse176078,Dendritic,WP_EPITHELIAL_TO_MESENCHYMAL_TRANSITION_IN_COLORECTAL_CANCER,154,527,1233,-0.09773130226500011,-0.1708819996324713,0.08584747463464737,0.07996115388960934,0.3069306930693069,False,-0.04121098031687466,0.5445544554455446,False,-0.12035498056607534,0.8217821782178217,False,0.04105665052659389,0.1485148514851485,False,-0.10385074731864757,0.9504950495049505,False,0.008581950202768852,0.2871287128712871,False
gse176078,Dendritic,REACTOME_GPER1_SIGNALING,42,527,1233,0.38019278651199645,-0.4042404792835794,0.1721719354391098,0.05480202067725748,0.0297029702970297,True,0.005551694223887746,0.0891089108910891,False,0.1799657366453457,0.06930693069306931,False,-0.07366328207450468,0.07920792079207921,False,0.19513005750823484,0.019801980198019802,True,-0.07945997556639248,0.0594059405940594,False
gse176078,Dendritic,GSE36888_UNTREATED_VS_IL2_TREATED_STAT5_AB_KNOCKIN_TCELL_17H_UP,172,527,1233,0.1784112718432822,-0.27280475524654774,0.1511620134115219,0.10647358004767413,0.7326732673267327,False,-0.04081163558938808,0.21782178217821782,False,0.40004080354112426,0.0297029702970297,True,-0.26693370755245693,0.9702970297029703,False,0.4388971991355434,0.009900990099009901,True,-0.3173226186951567,0.7821782178217822,False
gse176078,Dendritic,KEGG_GLYOXYLATE_AND_DICARBOXYLATE_METABOLISM,16,527,1233,0.11716123654216136,-0.16282434424941344,0.21786102652549744,0.03072952807519555,0.6138613861386139,False,-0.0064817402131983285,0.4158415841584158,False,0.051486716197407356,0.40594059405940597,False,-0.03749218015552338,0.39603960396039606,False,0.10560946266437898,0.8811881188118812,False,-0.07477387115087236,0.4752475247524752,False
gse176078,Dendritic,HALLMARK_INFLAMMATORY_RESPONSE,199,527,1233,0.21013002557761326,-0.5459945267997168,0.1611093282699585,0.135700308063195,0.6039603960396039,False,-0.05749681475854323,0.019801980198019802,True,0.4447675260502464,0.009900990099009901,True,-0.24748157999614478,0.12871287128712872,False,0.47991022327155075,0.009900990099009901,True,-0.2574588723248035,0.1188118811881188,False
gse176078,Dendritic,GSE4748_CYANOBACTERIUM_LPSLIKE_VS_LPS_AND_CYANOBACTERIUM_LPSLIKE_STIM_DC_3H_UP,181,527,1233,-0.19345076223362354,0.7618496483067632,0.12403257191181183,0.15990908419202404,0.019801980198019802,True,-0.0627163477364183,0.009900990099009901,True,0.15069687048983488,0.009900990099009901,True,-0.07365920999361933,0.009900990099009901,True,0.21593733807411802,0.009900990099009901,True,-0.15690739932038084,0.009900990099009901,True
gse176078,Dendritic,BIOCARTA_WNT_PATHWAY,24,527,1233,-0.1142816669339588,-0.04910609543350109,0.1300377994775772,0.006719118923762651,0.39603960396039606,False,0.012150384628682707,0.7227722772277227,False,-0.15170544937772576,0.5841584158415841,False,0.062313173752087794,0.4752475247524752,False,-0.09732732316133219,0.8316831683168316,False,0.005134726379575246,0.6534653465346535,False
gse176078,Dendritic,GSE3982_DC_VS_TH1_UP,191,527,1233,0.3670714570025866,-0.6282691207356368,0.1686098277568817,0.1058308603817916,0.06930693069306931,False,-0.08006969819937099,0.009900990099009901,True,0.27507451930706495,0.36633663366336633,False,-0.18366897679861557,0.019801980198019802,True,0.33330002560325805,0.6831683168316832,False,-0.27507404457325324,0.0297029702970297,True
gse176078,Dendritic,BIOCARTA_SPPA_PATHWAY,16,527,1233,0.05568379110811687,0.001559087815256507,0.14941614866256714,0.010295552117341,0.7425742574257426,False,0.023154364580061444,0.8910891089108911,False,-0.027864760741014113,0.33663366336633666,False,-0.003287124623310415,0.9702970297029703,False,0.031198924216812425,0.7821782178217822,False,-0.08228727603166569,0.4752475247524752,False
gse176078,Dendritic,GSE31082_DN_VS_DP_THYMOCYTE_UP,185,527,1233,0.39755794719407794,-0.21127855480328242,0.22582654654979706,0.12583407824128942,0.06930693069306931,False,-0.09138623682320604,0.6039603960396039,False,0.32972527894674164,0.48514851485148514,False,-0.19643918321414428,0.9306930693069307,False,0.40795942069407154,0.8712871287128713,False,-0.2646081070023656,0.693069306930693,False
gse176078,Dendritic,WP_VASOPRESSINREGULATED_WATER_REABSORPTION,42,527,1233,0.20245280367784182,-0.19258264529689958,0.1871611624956131,0.06568983007137309,0.43564356435643564,False,0.0029525181267520363,0.40594059405940597,False,0.18941219546941165,0.8514851485148515,False,-0.06379535259215972,0.44554455445544555,False,0.2529057346822223,0.5247524752475248,False,-0.1460168991617598,0.7821782178217822,False
gse176078,Dendritic,GSE31082_DN_VS_CD4_SP_THYMOCYTE_UP,185,527,1233,0.29276158305972144,-0.016422634769699587,0.20054680109024048,0.08718865753103053,0.12871287128712872,False,-0.0440327231437461,0.9207920792079208,False,0.3593688302287945,0.37623762376237624,False,-0.16297110842834683,0.36633663366336633,False,0.4447105076999719,0.07920792079207921,False,-0.2786072095728763,0.06930693069306931,False
gse176078,Dendritic,GSE9960_GRAM_POS_VS_GRAM_NEG_AND_POS_SEPSIS_PBMC_UP,190,527,1233,0.37616450992488504,-0.2254979765121234,0.23732705414295197,0.08730135279001278,0.0594059405940594,False,-0.05111344751226403,0.4158415841584158,False,0.4557443687786929,0.3069306930693069,False,-0.27097688453145874,0.801980198019802,False,0.44582306895223567,0.36633663366336633,False,-0.22559311911536953,1.0,False
gse176078,Dendritic,BIOCARTA_CACAM_PATHWAY,9,527,1233,0.4306699234091296,-0.3388629460554865,0.205697163939476,0.009320686572114135,0.009900990099009901,True,0.0036756485703605905,0.1188118811881188,False,0.29300753630613424,0.32673267326732675,False,-0.0969470314138663,0.2376237623762376,False,0.3502993363985034,0.40594059405940597,False,-0.185226414949326,0.3069306930693069,False
gse176078,Dendritic,BIOCARTA_SODD_PATHWAY,10,527,1233,-0.08244199741562085,-0.06307259674306025,0.2282162755727768,-0.008404489997132756,0.5544554455445545,False,0.013500088929902801,0.7326732673267327,False,0.09644867350165491,0.12871287128712872,False,-0.15033921897852054,0.7128712871287128,False,0.02916245088614151,0.25742574257425743,False,-0.005194493238742567,0.7821782178217822,False
gse176078,Dendritic,GSE7348_UNSTIM_VS_LPS_STIM_MACROPHAGE_UP,147,527,1233,-0.19009028630805186,0.20697239643001047,0.09990179538726807,0.10662205404953977,0.0297029702970297,True,-0.03273002415457441,0.25742574257425743,False,-0.06552807760803213,0.2376237623762376,False,0.011968307365580837,0.25742574257425743,False,-0.04341007787647138,0.1782178217821782,False,0.006858228948790534,0.2376237623762376,False
gse176078,Endothelial,REACTOME_SEROTONIN_RECEPTORS,8,3904,1233,-0.2578320164449254,-0.15821598215208352,0.0,0.03374569427724724,0.0594059405940594,False,0.015860360569922082,0.1782178217821782,False,-0.2603536581473498,0.7722772277227723,False,-0.16655369462379466,0.6237623762376238,False,-0.2591695130839333,0.8910891089108911,False,-0.1651219313304813,0.6237623762376238,False
gse176078,Endothelial,BIOCARTA_NKT_PATHWAY,26,3904,1233,-0.08610832147867385,-0.1836347177495008,0.06369393318891525,-0.00503842986142694,0.6138613861386139,False,0.018945194245508157,0.26732673267326734,False,-0.06133721213554503,0.5643564356435643,False,-0.03233245019515651,0.12871287128712872,False,-0.0653275109308418,0.6435643564356436,False,-0.06910490815276887,0.1485148514851485,False
gse176078,Endothelial,KEGG_JAK_STAT_SIGNALING_PATHWAY,136,3904,1233,0.16852198521831963,0.43738969987910153,0.1153230145573616,0.13963554482713225,0.8316831683168316,False,0.0741555397496937,0.019801980198019802,True,0.0958452182534405,0.22772277227722773,False,0.05382505446059148,0.009900990099009901,True,0.13516529852363454,0.5841584158415841,False,0.03424860405170928,0.009900990099009901,True
gse176078,Endothelial,GSE36078_WT_VS_IL1R_KO_LUNG_DC_UP,193,3904,1233,-0.05181829067773443,0.1675772943307804,0.08735494315624237,0.17412799522322636,0.19801980198019803,False,0.10365034450762922,0.7029702970297029,False,-0.0803984561091996,0.5742574257425742,False,-0.0552101162537529,0.07920792079207921,False,-0.06218719543301353,0.8613861386138614,False,-0.04000858601403292,0.06930693069306931,False
gse176078,Endothelial,REACTOME_JNK_C_JUN_KINASES_PHOSPHORYLATION_AND_ACTIVATION_MEDIATED_BY_ACTIVATED_HUMAN_TAK1,22,3904,1233,0.4138796914715363,0.24604182912928632,0.19564324617385864,0.039133056810840935,0.019801980198019802,True,0.00466953771095621,0.09900990099009901,False,0.4220168059821479,0.9306930693069307,False,0.3368087116557415,0.3465346534653465,False,0.423427437698794,0.8712871287128713,False,0.3237904431248393,0.4752475247524752,False
gse176078,Endothelial,WP_UREA_CYCLE_AND_ASSOCIATED_PATHWAYS,24,3904,1233,0.06960063705330018,0.08476078634812716,0.125698059797287,0.03468034483464981,0.8217821782178217,False,0.031370549873825274,0.7623762376237624,False,-0.007693738348117421,0.0891089108910891,False,-0.009614663141391092,0.25742574257425743,False,0.021400963517133883,0.2079207920792079,False,-0.010572805551641626,0.24752475247524752,False
gse176078,Endothelial,WP_AMINO_ACID_METABOLISM,82,3904,1233,0.0693334659694363,0.36607626717278763,0.13547194004058838,0.08938949903606758,0.8415841584158416,False,0.0439563488317952,0.0297029702970297,True,-0.0012884429259445872,0.1782178217821782,False,0.023354635423985696,0.009900990099009901,True,0.024194389645361532,0.3069306930693069,False,0.0067030574606423785,0.009900990099009901,True
gse176078,Endothelial,KEGG_GLYCOSAMINOGLYCAN_BIOSYNTHESIS_KERATAN_SULFATE,15,3904,1233,-0.1876798273350181,-0.1341936768302203,0.1133737713098526,0.05654860308140978,0.07920792079207921,False,-0.01635908568278631,0.40594059405940597,False,-0.20383344676517223,0.5544554455445545,False,-0.09438801863117256,0.44554455445544555,False,-0.1989990806636744,0.6633663366336634,False,-0.10618279935884331,0.45544554455445546,False
gse176078,Endothelial,GSE25123_WT_VS_PPARG_KO_MACROPHAGE_IL4_STIM_DN,194,3904,1233,0.3435256523463131,0.045756908656761304,0.13299687206745148,0.15172463585545753,0.25742574257425743,False,0.09992561389265361,0.7029702970297029,False,0.31399098145433546,0.49504950495049505,False,0.19333106170815767,0.2871287128712871,False,0.35942335729387265,0.7227722772277227,False,0.21984293309589156,0.12871287128712872,False
gse176078,Endothelial,HALLMARK_PEROXISOME,104,3904,1233,0.41777561139090136,0.3057169027207222,0.16822399199008942,0.07401431924087395,0.039603960396039604,True,0.04244060876351774,0.04950495049504951,True,0.3374812798125455,0.0891089108910891,False,0.227915693666574,0.5247524752475248,False,0.3560671971247311,0.1782178217821782,False,0.20708458709161626,0.31683168316831684,False
gse176078,Endothelial,WP_OMEGA6FATTY_ACIDS_IN_SENESCENCE,56,3904,1233,0.34848412918588345,0.3741047696625028,0.10790776461362839,0.09123937622129558,0.07920792079207921,False,0.053391170279456224,0.039603960396039604,True,0.2595837674803905,0.13861386138613863,False,0.15495688254532197,0.15841584158415842,False,0.3027252081662909,0.4158415841584158,False,0.11354644955045333,0.04950495049504951,True
gse176078,Endothelial,WP_COVID19_STRUCTURAL_COVERAGE_MAP,20,3904,1233,0.3834522659284511,0.09561803932542709,0.21723483502864838,0.04171464129794639,0.019801980198019802,True,0.03356680269578466,0.6831683168316832,False,0.4208088344560522,0.5445544554455446,False,0.3108834340158637,0.0891089108910891,False,0.4197600726968431,0.5346534653465347,False,0.31872388498304416,0.1188118811881188,False
gse176078,Endothelial,REACTOME_GROWTH_HORMONE_RECEPTOR_SIGNALING,22,3904,1233,0.2318846069709855,0.35665151165540426,0.16804370284080505,0.046407884795664676,0.13861386138613863,False,0.04835161140055634,0.039603960396039604,True,0.20588148874999546,0.7722772277227723,False,0.12053847683869294,0.07920792079207921,False,0.21394335998706288,0.7821782178217822,False,0.12080862776660314,0.07920792079207921,False
gse176078,Endothelial,GSE37533_UNTREATED_VS_PIOGLIZATONE_TREATED_CD4_TCELL_PPARG1_AND_FOXP3_TRASDUCED_UP,192,3904,1233,0.4673766559036927,0.12914212875423478,0.1778012216091156,0.12309956248823235,0.06930693069306931,False,0.07833566200447158,0.7722772277227723,False,0.46866940156405057,1.0,False,0.2848140690695595,0.22772277227722773,False,0.49336723620875383,0.44554455445544555,False,0.2773516723199405,0.16831683168316833,False
gse176078,Endothelial,GSE40666_NAIVE_VS_EFFECTOR_CD8_TCELL_WITH_IFNA_STIM_90MIN_UP,191,3904,1233,0.4049194933308438,0.3137630642086978,0.14934182167053223,0.07406319927428856,0.0594059405940594,False,0.060212396098127535,0.09900990099009901,False,0.3494351220452935,0.32673267326732675,False,0.22457965961200632,0.45544554455445546,False,0.36748429268006777,0.43564356435643564,False,0.20735648555179742,0.297029702970297,False
gse176078,Endothelial,GSE15930_STIM_VS_STIM_AND_IFNAB_72H_CD8_T_CELL_DN,186,3904,1233,0.3396906751722237,0.27139799522214625,0.22165612876415253,0.1087085799283284,0.16831683168316833,False,0.07689830299099945,0.2376237623762376,False,0.2759885456717831,0.15841584158415842,False,0.14328396671661525,0.19801980198019803,False,0.30749917479477024,0.37623762376237624,False,0.19302520379521126,0.5247524752475248,False
gse176078,Endothelial,HALLMARK_E2F_TARGETS,195,3904,1233,0.1852685126650766,0.2611258824256642,0.15984918177127838,0.10699348390127061,0.6732673267326733,False,0.0751238980541791,0.2376237623762376,False,0.1077969629995628,0.09900990099009901,False,0.0665988946679574,0.07920792079207921,False,0.128868336108923,0.1782178217821782,False,0.05631213212708547,0.039603960396039604,True
gse176078,Endothelial,BIOCARTA_BBCELL_PATHWAY,9,3904,1233,0.22693509185815303,0.6255160800102042,0.18798679113388062,0.019761242659674307,0.1782178217821782,False,0.0077469290500553935,0.009900990099009901,True,0.4766158099399258,0.0297029702970297,True,0.33240825718822553,0.04950495049504951,True,0.5016667937377153,0.009900990099009901,True,0.3356387595560815,0.019801980198019802,True
gse176078,Endothelial,BIOCARTA_MITOCHONDRIA_PATHWAY,19,3904,1233,-0.14813499766289606,-0.07944681841380774,0.15864481031894684,0.04796586801385154,0.2376237623762376,False,0.00971078846260851,0.5247524752475248,False,-0.16714204859071113,0.49504950495049505,False,-0.09492555486775414,0.801980198019802,False,-0.1719696117108827,0.43564356435643564,False,-0.08312189492804775,0.9504950495049505,False
gse176078,Endothelial,BIOCARTA_SARS_PATHWAY,7,3904,1233,0.2209782222521721,0.19641821370874904,0.15285348892211914,-0.014015474748266477,0.09900990099009901,False,-0.028837674008967668,0.09900990099009901,False,0.1779496016470412,0.43564356435643564,False,0.07418274893280359,0.33663366336633666,False,0.19499633307904524,0.5544554455445545,False,0.10446137691639218,0.3564356435643564,False
gse176078,Fibroblast,KEGG_ASCORBATE_AND_ALDARATE_METABOLISM,16,3445,1233,-0.010690150268078165,0.177422309007204,0.15049631893634796,0.049400486348242297,0.7425742574257426,False,0.011773346699470371,0.22772277227722773,False,-0.07001342182400255,0.18811881188118812,False,0.031609489329288226,0.07920792079207921,False,-0.06144620490409431,0.2376237623762376,False,0.027945887452039464,0.0594059405940594,False
gse176078,Fibroblast,KEGG_ALPHA_LINOLENIC_ACID_METABOLISM,17,3445,1233,-0.14079668002773366,0.08979398273116207,0.03840844705700874,0.02242108706517912,0.22772277227722773,False,0.01860194602630815,0.6534653465346535,False,-0.2304572746490266,0.009900990099009901,True,0.10330972745610857,0.7623762376237624,False,-0.2272757068051072,0.039603960396039604,True,0.099108337855357,0.8316831683168316,False
gse176078,Fibroblast,REACTOME_DOWNSTREAM_SIGNALING_OF_ACTIVATED_FGFR4,24,3445,1233,-0.16433090892059798,0.0074825114816702235,0.10758843272924423,0.03720441172401811,0.22772277227722773,False,0.019851841178581228,0.900990099009901,False,-0.15425841589421868,0.7524752475247525,False,0.05831174785714069,0.5148514851485149,False,-0.14678988982949398,0.5643564356435643,False,0.025580119742062684,0.7425742574257426,False
gse176078,Fibroblast,KEGG_HYPERTROPHIC_CARDIOMYOPATHY_HCM,77,3445,1233,0.5449784836104559,-0.6501506551081254,0.11743523180484772,0.06150815402149183,0.009900990099009901,True,0.011559473277537733,0.009900990099009901,True,0.4671992593991129,0.1485148514851485,False,-0.18581432166647216,0.009900990099009901,True,0.48180357717219907,0.18811881188118812,False,-0.23252194382218588,0.009900990099009901,True
gse176078,Fibroblast,BIOCARTA_IL4_PATHWAY,11,3445,1233,0.018280989569959757,-0.052688945052047235,0.20794734358787537,0.009015740618067761,0.9405940594059405,False,0.017041932214245027,0.5346534653465347,False,-0.01165589497864163,0.49504950495049505,False,0.026577384068785462,0.37623762376237624,False,0.019260209506264156,0.9702970297029703,False,-0.05243490141681932,0.9801980198019802,False
gse176078,Fibroblast,KEGG_HEDGEHOG_SIGNALING_PATHWAY,51,3445,1233,-0.09964639202588266,0.014002219491360187,0.07114032655954361,0.09720283854371986,0.16831683168316833,False,-0.044799340778587604,0.7227722772277227,False,-0.1912706303377139,0.04950495049504951,True,0.09655638442097675,0.38613861386138615,False,-0.1749258866920771,0.06930693069306931,False,0.06385371005007515,0.5445544554455446,False
gse176078,Fibroblast,REACTOME_SHC1_EVENTS_IN_EGFR_SIGNALING,14,3445,1233,-0.09289262983242619,0.041976586000932396,0.111243836581707,0.030373806912915406,0.44554455445544555,False,0.022688325043287175,0.8217821782178217,False,-0.10448554611748409,0.693069306930693,False,0.04196736145598423,1.0,False,-0.0827856647564021,0.7920792079207921,False,-0.006768850251117184,0.504950495049505,False
gse176078,Fibroblast,GSE28783_ANTI_MIR33_VS_UNTREATED_ATHEROSCLEROSIS_MACROPHAGE_UP,184,3445,1233,0.4170708197887288,-0.18297591835192506,0.13703225553035736,0.10401978079549945,0.06930693069306931,False,-0.03895232967142613,0.504950495049505,False,0.42441414817778866,0.8811881188118812,False,-0.16164212530015207,0.8811881188118812,False,0.45705451376928463,0.36633663366336633,False,-0.2700189137647416,0.6138613861386139,False
gse176078,Fibroblast,GSE17721_CTRL_VS_POLYIC_12H_BMDC_DN,182,3445,1233,0.41579344891263115,-0.21951748467838758,0.16995279490947723,0.12100989292706057,0.0891089108910891,False,-0.03589615958532857,0.36633663366336633,False,0.33424519392772534,0.09900990099009901,False,-0.17234702753220663,0.801980198019802,False,0.3620501679680122,0.24752475247524752,False,-0.23188154836186015,0.9306930693069307,False
gse176078,Fibroblast,GSE37416_CTRL_VS_3H_F_TULARENSIS_LVS_NEUTROPHIL_DN,180,3445,1233,0.32753472058499683,-0.11197506918854248,0.14910978078842163,0.15744492951600286,0.2079207920792079,False,-0.020310924382112683,0.5445544554455446,False,0.30056561040418106,0.6138613861386139,False,-0.13629750339796065,0.900990099009901,False,0.33500642669268166,0.9108910891089109,False,-0.19288399873004136,0.6138613861386139,False
gse176078,Fibroblast,GSE36888_UNTREATED_VS_IL2_TREATED_STAT5_AB_KNOCKIN_TCELL_17H_UP,172,3445,1233,0.34285944231676296,-0.12247216425418991,0.12242003530263901,0.1478554782420568,0.27722772277227725,False,-0.05106630053991466,0.6831683168316832,False,0.34950143342298445,0.9207920792079208,False,-0.1551283563133407,0.8613861386138614,False,0.36146535138767405,0.7029702970297029,False,-0.1811455574919913,0.6435643564356436,False
gse176078,Fibroblast,GSE17721_CTRL_VS_GARDIQUIMOD_12H_BMDC_DN,188,3445,1233,0.4225170273356215,-0.18941609106428586,0.16797277331352234,0.12470263242585641,0.0297029702970297,True,-0.020777769208445086,0.44554455445544555,False,0.28696028146175045,0.0297029702970297,True,-0.11914207795213036,0.693069306930693,False,0.3375610082687619,0.12871287128712872,False,-0.21960809547647978,0.8514851485148515,False
gse176078,Fibroblast,GSE2770_IL12_VS_TGFB_AND_IL12_TREATED_ACT_CD4_TCELL_48H_UP,187,3445,1233,0.05376046643596996,0.10096998534632359,0.13420990109443665,0.1404808657199746,0.5247524752475248,False,-0.020189780958039152,0.5247524752475248,False,0.07726899703294704,0.7128712871287128,False,-0.0020988102352261324,0.38613861386138615,False,0.10699200451029575,0.32673267326732675,False,-0.06762831307725609,0.22772277227722773,False
gse176078,Fibroblast,REACTOME_PD_1_SIGNALING,26,3445,1233,-0.247540675973219,0.16173345251212876,0.09085465967655182,0.04740582935900545,0.039603960396039604,True,0.004949398762324311,0.2871287128712871,False,-0.2477270529801844,1.0,False,0.14242078042055287,0.7623762376237624,False,-0.23379878820511452,0.6831683168316832,False,0.11371759417600733,0.48514851485148514,False
gse176078,Fibroblast,GSE34156_TLR1_TLR2_LIGAND_VS_NOD2_AND_TLR1_TLR2_LIGAND_24H_TREATED_MONOCYTE_DN,173,3445,1233,0.3136269806280016,-0.0036491454355787934,0.11631930619478226,0.13025682610148354,0.26732673267326734,False,-0.061876555813178566,0.8316831683168316,False,0.24418843868635076,0.37623762376237624,False,-0.10759880421680265,0.594059405940594,False,0.28321813428011,0.5346534653465347,False,-0.16602475019033058,0.3069306930693069,False
gse176078,Fibroblast,GSE29949_CD8_POS_DC_SPLEEN_VS_DC_BRAIN_UP,190,3445,1233,0.34454186716230045,-0.37022947543597007,0.15165355801582336,0.13120339030668693,0.1188118811881188,False,-0.04198704761298687,0.07920792079207921,False,0.21007017491659796,0.019801980198019802,True,-0.09332350829621938,0.0891089108910891,False,0.2432717404862194,0.039603960396039604,True,-0.15443689525118925,0.1485148514851485,False
gse176078,Fibroblast,HALLMARK_EPITHELIAL_MESENCHYMAL_TRANSITION,198,3445,1233,0.6553591644865241,-0.8497301600774154,0.35382676124572754,0.07714020823366224,0.009900990099009901,True,0.05351387568256055,0.009900990099009901,True,0.8405663378103054,0.009900990099009901,True,-0.25550154119454643,0.009900990099009901,True,0.8465317190534901,0.009900990099009901,True,-0.27681806676511994,0.009900990099009901,True
gse176078,Fibroblast,REACTOME_REGULATION_OF_TBK1_IKK_MEDIATED_ACTIVATION_OF_IRF3_IRF7_UPON_TLR3_LIGATION,11,3445,1233,0.44083661911027816,0.07986149618632962,0.3354026675224304,0.01786236695189633,0.009900990099009901,True,0.025478539163418128,0.6633663366336634,False,0.4387859827052251,0.9702970297029703,False,-0.09245361272485941,0.40594059405940597,False,0.4348015874507495,0.8613861386138614,False,-0.07005844067253365,0.5247524752475248,False
gse176078,Fibroblast,WP_GLYCOSYLATION_AND_RELATED_CONGENITAL_DEFECTS,25,3445,1233,-0.1701272392003684,0.054933452361249864,0.2036719024181366,0.03731037188176238,0.0891089108910891,False,-0.012116018575842434,0.7326732673267327,False,-0.16847555139249915,0.9801980198019802,False,0.08736694496137304,0.6138613861386139,False,-0.17685036654154632,0.801980198019802,False,0.08379404458880076,0.7029702970297029,False
gse176078,Fibroblast,WP_TRANSCRIPTIONAL_CASCADE_REGULATING_ADIPOGENESIS,13,3445,1233,0.09261368030276082,0.2095802286750988,0.15082715451717377,0.013517582162730402,0.6435643564356436,False,0.04656717003239276,0.2376237623762376,False,0.12306533313174593,0.6435643564356436,False,-0.06627572281704423,0.0594059405940594,False,0.1127925336739419,0.693069306930693,False,-0.029365788566453825,0.10891089108910891,False
gse176078,Macrophage,BIOCARTA_TUBBY_PATHWAY,5,3549,1233,-0.06036945896042275,0.03690131925121771,0.06651900708675385,-0.013219406370339281,0.7722772277227723,False,-0.013644277183437258,0.6732673267326733,False,0.013436896042525069,0.07920792079207921,False,-0.0008986395585826311,0.594059405940594,False,0.011681229093503366,0.10891089108910891,False,-0.02440937168543922,0.33663366336633666,False
gse176078,Macrophage,WP_ENTEROHEPATIC_CIRCULATION_OF_BILE_ACIDS,9,3549,1233,-0.17253230647553255,-0.1438836304147851,0.01931767538189888,-0.0021714896064136233,0.26732673267326734,False,-0.007906882714540257,0.22772277227722773,False,-0.1774189517554456,0.8316831683168316,False,-0.10260556582976646,0.38613861386138615,False,-0.1726142135723145,1.0,False,-0.10215949970083388,0.37623762376237624,False
gse176078,Macrophage,BIOCARTA_EXTRINSIC_PATHWAY,13,3549,1233,-0.2810198720701903,-0.17176478896592065,0.014010262675583363,-0.020496196179006335,0.0891089108910891,False,-0.007141419841867679,0.1782178217821782,False,-0.27050956445962915,0.7029702970297029,False,-0.19827056225285372,0.37623762376237624,False,-0.2720627894406703,0.6039603960396039,False,-0.20237049800920703,0.31683168316831684,False
gse176078,Macrophage,WP_FOLLICLE_STIMULATING_HORMONE_FSH_SIGNALING,24,3549,1233,0.08959343144163216,-0.042756252083338074,0.24726004898548126,0.05019766938919852,0.801980198019802,False,0.02606646085400402,0.6435643564356436,False,0.2148748847394622,0.0594059405940594,False,0.1447920502088027,0.16831683168316833,False,0.2403984669991125,0.039603960396039604,True,0.16432725197986905,0.07920792079207921,False
gse176078,Macrophage,REACTOME_LIPOPHAGY,9,3549,1233,0.20965306277155074,-0.14275814659429678,0.23918387293815613,0.02480595664903707,0.2376237623762376,False,-0.006265395344213151,0.2079207920792079,False,0.2631019654933306,0.43564356435643564,False,0.14548990144124213,0.0594059405940594,False,0.30196467626409584,0.1782178217821782,False,0.13991075157492772,0.04950495049504951,True
gse176078,Macrophage,WP_15Q11Q13_COPY_NUMBER_VARIATION,54,3549,1233,0.14420456527976694,0.016535538596014757,0.09072558581829071,0.07431615901622456,0.7128712871287128,False,0.04402384149611656,0.8712871287128713,False,0.0060825737591262054,0.0594059405940594,False,0.006726903452956292,0.9504950495049505,False,0.05179539455646825,0.15841584158415842,False,-0.004014565071482134,0.9108910891089109,False
gse176078,Macrophage,WP_TARGET_OF_RAPAMYCIN_SIGNALING,36,3549,1233,0.22943223853471792,0.11503421794818665,0.20384012162685394,0.07013449943041465,0.24752475247524752,False,0.048540310753938345,0.6237623762376238,False,0.24821462013684492,0.7227722772277227,False,0.1208364712492613,0.9405940594059405,False,0.2853226073798068,0.3564356435643564,False,0.15684390155704184,0.7524752475247525,False
gse176078,Macrophage,HALLMARK_APICAL_JUNCTION,189,3549,1233,0.4426211569907377,0.5129043599461537,0.12364097684621811,0.12474516578045508,0.0891089108910891,False,0.12373678531177242,0.019801980198019802,True,0.423796374879468,0.6534653465346535,False,0.25990953984382525,0.04950495049504951,True,0.45443876180793163,0.7524752475247525,False,0.24864095462121022,0.039603960396039604,True
gse176078,Macrophage,WP_TAR_SYNDROME,59,3549,1233,0.3975131257556092,0.0855276980408995,0.20537695288658142,0.07199824082333345,0.019801980198019802,True,0.06240447754288328,0.801980198019802,False,0.46734256960085574,0.12871287128712872,False,0.29515569204743,0.1485148514851485,False,0.4801078223077253,0.07920792079207921,False,0.2910931345962874,0.09900990099009901,False
gse176078,Macrophage,WP_DEREGULATION_OF_RAB_AND_RAB_EFFECTOR_GENES_IN_BLADDER_CANCER,16,3549,1233,-0.18347458152457558,-0.14738145147691373,0.052299682050943375,0.029471272012477033,0.19801980198019803,False,0.0016803805634719373,0.2871287128712871,False,-0.21877732448385084,0.16831683168316833,False,-0.13148930845665197,0.801980198019802,False,-0.21508120836707448,0.3069306930693069,False,-0.12906350159445373,0.7524752475247525,False
gse176078,Macrophage,GSE32533_MIR17_KO_VS_MIR17_OVEREXPRESS_ACT_CD4_TCELL_UP,188,3549,1233,0.4420177179533388,0.4305722151332561,0.22747473418712616,0.151136416176164,0.1188118811881188,False,0.09562402288881701,0.0297029702970297,True,0.4076161352651827,0.48514851485148514,False,0.2835274268743383,0.1485148514851485,False,0.43141177876543874,0.8514851485148515,False,0.28070277920203,0.2376237623762376,False
gse176078,Macrophage,GSE24142_EARLY_THYMIC_PROGENITOR_VS_DN2_THYMOCYTE_ADULT_UP,188,3549,1233,0.31785958270115544,0.3858203823554517,0.19213981926441193,0.13191872120847964,0.2079207920792079,False,0.10745687627905354,0.04950495049504951,True,0.4539761194467902,0.019801980198019802,True,0.293295527814602,0.3564356435643564,False,0.47623105069824306,0.009900990099009901,True,0.2656224924080281,0.24752475247524752,False
gse176078,Macrophage,GSE24634_TREG_VS_TCONV_POST_DAY7_IL4_CONVERSION_UP,188,3549,1233,-0.0961871567534279,-0.08398817009337295,0.14375342428684235,0.12457362192225527,0.10891089108910891,False,0.11403049789794988,0.15841584158415842,False,-0.2543867525253123,0.009900990099009901,True,-0.13445375250615632,0.6732673267326733,False,-0.24218900239649177,0.009900990099009901,True,-0.15061761788905947,0.39603960396039606,False
gse176078,Macrophage,GSE3982_EOSINOPHIL_VS_NKCELL_UP,184,3549,1233,0.356172677602213,0.2942037252699229,0.1936441957950592,0.14383143939937487,0.18811881188118812,False,0.10620396751927652,0.18811881188118812,False,0.5589906584380824,0.009900990099009901,True,0.3688687945530751,0.39603960396039606,False,0.5698089725750808,0.009900990099009901,True,0.32837783205246995,0.7920792079207921,False
gse176078,Macrophage,GSE36888_STAT5_AB_KNOCKIN_VS_WT_TCELL_IL2_TREATED_2H_DN,192,3549,1233,0.34692813967699987,0.37958324831979784,0.20274829864501953,0.13649194219101815,0.1485148514851485,False,0.11503710120385645,0.0594059405940594,False,0.34309543070254567,0.8811881188118812,False,0.23355450590946714,0.2079207920792079,False,0.31764604636088634,0.504950495049505,False,0.23618089480140986,0.2871287128712871,False
gse176078,Macrophage,GSE42724_NAIVE_BCELL_VS_PLASMABLAST_DN,186,3549,1233,0.26217312498812867,0.65415078175376,0.19778668880462646,0.15133002451530753,0.44554455445544555,False,0.0736641675019846,0.009900990099009901,True,0.25644826544469185,0.9306930693069307,False,0.17514056128657823,0.009900990099009901,True,0.27622237981580755,0.801980198019802,False,0.1864413281369165,0.009900990099009901,True
gse176078,Macrophage,GSE10239_NAIVE_VS_DAY4.5_EFF_CD8_TCELL_DN,193,3549,1233,0.2615211954111711,-0.21182147891087758,0.21487969160079956,0.17867222583674808,0.5445544554455446,False,0.10989138772790863,0.0594059405940594,False,0.25158233979166944,0.8811881188118812,False,0.19295660277034243,0.009900990099009901,True,0.27502956793516287,0.8217821782178217,False,0.18704545413340917,0.009900990099009901,True
gse176078,Macrophage,BIOCARTA_HBX_PATHWAY,7,3549,1233,0.2094104035220457,0.1417988491599066,0.3155416250228882,-0.0029290726432412185,0.13861386138613863,False,-0.015520046699813047,0.16831683168316833,False,0.22072451534465043,0.8811881188118812,False,0.13806970894995696,0.9603960396039604,False,0.2348455305638801,0.6336633663366337,False,0.14159163198085645,0.9801980198019802,False
gse176078,Macrophage,KEGG_BASE_EXCISION_REPAIR,33,3549,1233,0.10291328719750367,0.030641010161608827,0.20289495587348938,0.0782720407091338,0.8415841584158416,False,0.03896544621800712,0.900990099009901,False,0.04291372845428276,0.38613861386138615,False,0.06258124343241295,0.7524752475247525,False,0.08547690146423283,0.7425742574257426,False,0.016506737868935188,0.8217821782178217,False
gse176078,Macrophage,HALLMARK_INTERFERON_ALPHA_RESPONSE,95,3549,1233,0.34096015177569894,0.12908097138692612,0.37865057587623596,0.10370250905909253,0.10891089108910891,False,0.07039089923130001,0.6732673267326733,False,0.5568843860019466,0.009900990099009901,True,0.34560105149318165,0.0594059405940594,False,0.5895772077543416,0.009900990099009901,True,0.3419199095389498,0.06930693069306931,False
gse176078,Monocyte,REACTOME_VOLTAGE_GATED_POTASSIUM_CHANNELS,37,1358,1233,-0.3577243662807457,0.2577747043787599,0.014828050509095192,0.055822103658449876,0.019801980198019802,True,-0.00738337815503662,0.07920792079207921,False,-0.35770967452087205,1.0,False,0.23754929200188463,0.6039603960396039,False,-0.3549694115737415,0.9405940594059405,False,0.23843985464548084,0.594059405940594,False
gse176078,Monocyte,WP_LNCRNAMEDIATED_MECHANISMS_OF_THERAPEUTIC_RESISTANCE,9,1358,1233,0.22008039443428115,-0.1915405816253429,0.1689184606075287,-0.007580532378992023,0.0891089108910891,False,0.028686680158525227,0.10891089108910891,False,0.2772984334368602,0.6633663366336634,False,-0.20155700063909146,0.9207920792079208,False,0.2942961646744193,0.44554455445544555,False,-0.21862998669113748,0.801980198019802,False
gse176078,Monocyte,GSE11924_TH1_VS_TH17_CD4_TCELL_UP,178,1358,1233,0.13171194804633615,-0.11862087163094294,0.08215167373418808,0.1481772974339838,0.9405940594059405,False,-0.0875418813217414,0.8712871287128713,False,0.24702522820584444,0.3465346534653465,False,-0.1733974132096325,0.7326732673267327,False,0.26510422525116334,0.2079207920792079,False,-0.20505196958230495,0.5247524752475248,False
gse176078,Monocyte,GSE41176_UNSTIM_VS_ANTI_IGM_STIM_TAK1_KO_BCELL_1H_DN,177,1358,1233,0.2151384492726588,-0.15600265387631182,0.11017423123121262,0.16210665327118406,0.7524752475247525,False,-0.10639816113062076,0.7524752475247525,False,0.36566411160808265,0.06930693069306931,False,-0.25832289282968235,0.36633663366336633,False,0.3906145016623799,0.039603960396039604,True,-0.2951904932143473,0.13861386138613863,False
gse176078,Monocyte,KEGG_SULFUR_METABOLISM,13,1358,1233,-0.04267678934620632,0.08302672049094185,0.11170583963394165,0.024762518597674504,0.6633663366336634,False,0.009168955379111977,0.5841584158415841,False,-0.09333441973691448,0.38613861386138615,False,0.07114254122922378,0.8514851485148515,False,-0.09393968609917763,0.4752475247524752,False,0.05667624622761573,0.7821782178217822,False
gse176078,Monocyte,GSE13306_TREG_VS_TCONV_SPLEEN_UP,180,1358,1233,0.2797663944963124,-0.2731770822146681,0.10907736420631409,0.19981161990414226,0.6138613861386139,False,-0.14189102205425214,0.45544554455445546,False,0.15496937423784468,0.3465346534653465,False,-0.09736413672185858,0.27722772277227725,False,0.21586729880004918,0.44554455445544555,False,-0.1712585350957333,0.33663366336633666,False
gse176078,Monocyte,GSE22611_MUTANT_NOD2_VS_CTRL_TRANSDUCED_HEK293T_CELL_UP,176,1358,1233,0.38205690051218755,-0.3107682241202309,0.1564711630344391,0.18229598983894332,0.2079207920792079,False,-0.15746096913759838,0.36633663366336633,False,0.43731358394453484,0.5742574257425742,False,-0.2886015230636064,0.8811881188118812,False,0.5096706612666941,0.09900990099009901,False,-0.37416371103679735,0.5148514851485149,False
gse176078,Monocyte,KEGG_ANTIGEN_PROCESSING_AND_PRESENTATION,67,1358,1233,0.7099937922283789,-0.7830878240209087,0.4000215530395508,0.12149737973981017,0.009900990099009901,True,-0.08107623512907447,0.009900990099009901,True,0.7337413513211636,0.6435643564356436,False,-0.48791842145305836,0.009900990099009901,True,0.7687941031442573,0.13861386138613863,False,-0.5302477360786833,0.009900990099009901,True
gse176078,Monocyte,WP_ENTEROCYTE_CHOLESTEROL_METABOLISM,33,1358,1233,-0.014868015236366964,0.07720025832411484,0.1336187869310379,0.07950773985246322,0.6039603960396039,False,-0.03749052233602324,0.5346534653465347,False,-0.06765002959114706,0.5544554455445545,False,0.06174001382951694,0.900990099009901,False,-0.016224172409655707,0.9603960396039604,False,0.008555110601180214,0.46534653465346537,False
gse176078,Monocyte,REACTOME_GENE_AND_PROTEIN_EXPRESSION_BY_JAK_STAT_SIGNALING_AFTER_INTERLEUKIN_12_STIMULATION,37,1358,1233,0.6965461824388324,-0.48223401143469147,0.43735769391059875,0.025254256558373774,0.009900990099009901,True,-5.129473473988265e-06,0.009900990099009901,True,0.6761053751732045,0.7227722772277227,False,-0.48155427665677664,1.0,False,0.714777413033492,0.6435643564356436,False,-0.5322081605444826,0.5148514851485149,False
gse176078,Monocyte,BIOCARTA_PDGF_PATHWAY,28,1358,1233,0.3662520966550365,-0.2888384381912247,0.2069716900587082,0.043723113708487416,0.04950495049504951,True,-0.006313085034180975,0.07920792079207921,False,0.3091160434116603,0.6237623762376238,False,-0.2204905899270002,0.6435643564356436,False,0.2729965766703129,0.33663366336633666,False,-0.18181205362170844,0.38613861386138615,False
gse176078,Monocyte,GSE12845_IGD_NEG_BLOOD_VS_NAIVE_TONSIL_BCELL_DN,187,1358,1233,-0.14821755193542055,0.13368428361363136,0.15747690200805664,0.2063360569397904,0.019801980198019802,True,-0.1348285174407302,0.10891089108910891,False,0.024721577808780145,0.06930693069306931,False,0.016939594478402,0.3564356435643564,False,0.0927022204976275,0.009900990099009901,True,-0.06262870482413402,0.06930693069306931,False
gse176078,Monocyte,GSE22886_NAIVE_CD8_TCELL_VS_NKCELL_DN,190,1358,1233,0.13314095479553986,0.0372038096710996,0.1812807321548462,0.13633888189229976,1.0,False,-0.09165546092989166,0.504950495049505,False,0.2553996633100924,0.2079207920792079,False,-0.17696048274914425,0.1485148514851485,False,0.3231867485829537,0.039603960396039604,True,-0.23756048190280826,0.009900990099009901,True
gse176078,Monocyte,WP_COVID19_STRUCTURAL_COVERAGE_MAP,20,1358,1233,0.2365515384956447,-0.18255332163688762,0.195251926779747,0.035806480538696284,0.12871287128712872,False,-0.017609424533121715,0.2376237623762376,False,0.368352246052263,0.24752475247524752,False,-0.25881963771301747,0.7128712871287128,False,0.4261876471402209,0.04950495049504951,True,-0.3479141759258184,0.21782178217821782,False
gse176078,Monocyte,GSE8621_LPS_PRIMED_UNSTIM_VS_LPS_PRIMED_AND_LPS_STIM_MACROPHAGE_UP,181,1358,1233,0.19556173280118921,-0.11344616289958634,0.14169397950172424,0.18054118478352899,0.9504950495049505,False,-0.1133690764791038,1.0,False,0.28322699730568124,0.36633663366336633,False,-0.18448054477103076,0.5445544554455446,False,0.3391752002635081,0.07920792079207921,False,-0.26323062995827634,0.13861386138613863,False
gse176078,Monocyte,GSE20754_WT_VS_TCF1_KO_MEMORY_CD8_TCELL_DN,190,1358,1233,0.22929610242040735,-0.20076822727160906,0.13762925565242767,0.15729658285656473,0.7029702970297029,False,-0.10581891874989632,0.504950495049505,False,0.029165844750667108,0.019801980198019802,True,0.0010307251805910086,0.0594059405940594,False,0.10312302887739419,0.1188118811881188,False,-0.0901260438878104,0.24752475247524752,False
gse176078,Monocyte,REACTOME_TRANSCRIPTION_COUPLED_NUCLEOTIDE_EXCISION_REPAIR_TC_NER,76,1358,1233,0.1376972054313797,-0.1196408188009655,0.21334362030029297,0.04467384880413475,0.5742574257425742,False,-0.02749041578055278,0.5445544554455446,False,0.23406475119379183,0.3069306930693069,False,-0.15774333345056596,0.7326732673267327,False,0.20412035492022867,0.48514851485148514,False,-0.1297100689621895,0.9108910891089109,False
gse176078,Monocyte,BIOCARTA_FOSB_PATHWAY,5,1358,1233,0.04463515055779727,0.058219238153955154,0.15248601138591766,-0.019430615135531012,0.6237623762376238,False,0.014907487976825614,0.6336633663366337,False,0.33034437227964264,0.07920792079207921,False,-0.2478128249528451,0.12871287128712872,False,0.2808687076915839,0.09900990099009901,False,-0.2128080877673864,0.19801980198019803,False
gse176078,Monocyte,REACTOME_THE_NLRP3_INFLAMMASOME,16,1358,1233,0.3285783840037907,-0.22726170115759545,0.37588322162628174,0.017570498853407657,0.04950495049504951,True,-0.0005748428422537432,0.13861386138613863,False,0.38197874854306574,0.6633663366336634,False,-0.2645871381457053,0.8118811881188119,False,0.27174061030119845,0.6039603960396039,False,-0.14223915081060173,0.6732673267326733,False
gse176078,Monocyte,HALLMARK_INTERFERON_ALPHA_RESPONSE,95,1358,1233,0.40868682913425436,-0.364736626530365,0.31661173701286316,0.11036593746256579,0.06930693069306931,False,-0.06268319785851528,0.1188118811881188,False,0.5063442961583465,0.2376237623762376,False,-0.33856646842409177,0.801980198019802,False,0.5814626840726203,0.009900990099009901,True,-0.43867116989941823,0.39603960396039606,False
gse176078,NK,REACTOME_SEROTONIN_RECEPTORS,8,1089,1233,-0.295317517685194,-0.19113976380807032,,0.053737337622155455,0.019801980198019802,True,0.006196084086372728,0.1782178217821782,False,-0.29062940076468957,0.8514851485148515,False,-0.19303724774468595,0.9108910891089109,False,-0.2856832127309355,0.6336633663366337,False,-0.18734791792054545,0.8712871287128713,False
gse176078,NK,BIOCARTA_INTRINSIC_PATHWAY,21,1089,1233,-0.3494038892185714,-0.2369584388757987,0.003639594418928027,0.12058797442378344,0.009900990099009901,True,0.07705213536504812,0.0297029702970297,True,-0.3571358515241442,0.7722772277227723,False,-0.24684463538050144,0.7821782178217822,False,-0.35433839553548263,0.8415841584158416,False,-0.249409849187065,0.7029702970297029,False
gse176078,NK,REACTOME_MET_RECEPTOR_ACTIVATION,6,1089,1233,-0.13420841162707767,-0.129723115942921,0.022271769121289253,0.056867474982214845,0.04950495049504951,True,0.015368036968922607,0.15841584158415842,False,-0.13973170841446253,0.8811881188118812,False,-0.09600426878458282,0.4158415841584158,False,-0.14114113281845356,0.8118811881188119,False,-0.09682457477000211,0.33663366336633666,False
gse176078,NK,GSE36078_WT_VS_IL1R_KO_LUNG_DC_UP,193,1089,1233,0.3239256100204441,0.29952769255871475,0.05837427079677582,0.30372837205902914,0.8415841584158416,False,0.18928771341693684,0.42574257425742573,False,0.28718640303328546,0.5346534653465347,False,0.18610173720838563,0.44554455445544555,False,0.3216888750533272,0.9603960396039604,False,0.21507658658417833,0.5148514851485149,False
gse176078,NK,GSE2770_UNTREATED_VS_TGFB_AND_IL12_TREATED_ACT_CD4_TCELL_6H_DN,179,1089,1233,0.15151935104478523,0.16575251834161783,0.04494102671742439,0.30253781496565824,0.21782178217821782,False,0.21605443953030778,0.7227722772277227,False,0.07408612934034685,0.31683168316831684,False,0.05690691913429716,0.31683168316831684,False,0.10579068416383178,0.5346534653465347,False,0.07634292122356989,0.4158415841584158,False
gse176078,NK,KEGG_MAPK_SIGNALING_PATHWAY,250,1089,1233,0.45866606877860977,0.5229095743239164,0.08542495965957642,0.3439919212612793,0.25742574257425743,False,0.21431723094044364,0.019801980198019802,True,0.5030185587375178,0.504950495049505,False,0.33610839437814327,0.13861386138613863,False,0.5340212871632304,0.13861386138613863,False,0.3957539580433913,0.21782178217821782,False
gse176078,NK,HALLMARK_KRAS_SIGNALING_UP,195,1089,1233,0.33168464687033966,0.1054670719568866,0.05274556949734688,0.32461197865904695,0.9702970297029703,False,0.2364776098556417,0.3564356435643564,False,0.36355081013660046,0.7128712871287128,False,0.2838809594890801,0.2376237623762376,False,0.4143305889504943,0.31683168316831684,False,0.31112816735025217,0.09900990099009901,False
gse176078,NK,KEGG_CHEMOKINE_SIGNALING_PATHWAY,183,1089,1233,0.4852485857431995,0.5339993302080644,0.07666196674108505,0.29725164129356896,0.039603960396039604,True,0.18567378707646776,0.0297029702970297,True,0.41842860429917406,0.32673267326732675,False,0.2875286052657683,0.07920792079207921,False,0.4869624045351353,0.9504950495049505,False,0.3495757976994055,0.12871287128712872,False
gse176078,NK,GSE21546_SAP1A_KO_VS_SAP1A_KO_AND_ELK1_KO_ANTI_CD3_STIM_DP_THYMOCYTES_UP,183,1089,1233,0.12692077814747954,0.10526254781723626,0.05619454011321068,0.3073146925498281,0.04950495049504951,True,0.19960231912233273,0.4752475247524752,False,0.16636049830445515,0.594059405940594,False,0.12141597289696082,0.8811881188118812,False,0.2208805999053197,0.2079207920792079,False,0.17514887285612693,0.49504950495049505,False
gse176078,NK,GSE36888_STAT5_AB_KNOCKIN_VS_WT_TCELL_IL2_TREATED_2H_DN,192,1089,1233,0.22990164953395115,0.2126133466869,0.052380818873643875,0.3342196762722798,0.3564356435643564,False,0.22782561365703946,0.8910891089108911,False,0.24794929761431306,0.8613861386138614,False,0.153095252639324,0.5841584158415841,False,0.2856028134915729,0.4158415841584158,False,0.20355531028408222,0.9405940594059405,False
gse176078,NK,GSE24972_WT_VS_IRF8_KO_MARGINAL_ZONE_SPLEEN_BCELL_UP,182,1089,1233,0.4086333149436624,0.36492821116591423,0.08097939938306808,0.32156248669246595,0.48514851485148514,False,0.22281117249809101,0.33663366336633666,False,0.4414542691493638,0.6831683168316832,False,0.27710353354871586,0.46534653465346537,False,0.480735782837086,0.21782178217821782,False,0.34889865129260605,0.8712871287128713,False
gse176078,NK,REACTOME_REGULATION_OF_SIGNALING_BY_CBL,22,1089,1233,0.24886126168711542,0.025443806896312964,0.15750351548194885,0.11837322097355221,0.26732673267326734,False,0.05933874494320586,0.8316831683168316,False,0.3663248378879949,0.2079207920792079,False,0.22291705536605433,0.3069306930693069,False,0.4034894244744049,0.0891089108910891,False,0.26669448922702377,0.15841584158415842,False
gse176078,NK,GSE1460_CD4_THYMOCYTE_VS_NAIVE_CD4_TCELL_ADULT_BLOOD_UP,191,1089,1233,0.6420749712721446,0.5675266929233435,0.09872812032699585,0.3217047065445912,0.009900990099009901,True,0.21131480145668607,0.019801980198019802,True,0.5507138289597889,0.06930693069306931,False,0.38699115917305477,0.16831683168316833,False,0.6045279850480659,0.45544554455445546,False,0.45803140236921686,0.32673267326732675,False
gse176078,NK,GSE12845_IGD_NEG_BLOOD_VS_NAIVE_TONSIL_BCELL_DN,187,1089,1233,0.41981427285396333,0.28402377593415123,0.09625162184238434,0.3215690388390422,0.37623762376237624,False,0.20859339143278405,0.5742574257425742,False,0.4525746171697762,0.504950495049505,False,0.34513406444585054,0.504950495049505,False,0.51826913461908,0.019801980198019802,True,0.39746789716459763,0.18811881188118812,False
gse176078,NK,BIOCARTA_CCR5_PATHWAY,17,1089,1233,0.45152956545684664,0.4654256664539512,0.20632769167423248,0.09545147370607965,0.009900990099009901,True,0.05330082740921467,0.019801980198019802,True,0.4423911603594768,0.9207920792079208,False,0.37329408558207244,0.6237623762376238,False,0.4374733621724429,0.8613861386138614,False,0.32034828861880515,0.504950495049505,False
gse176078,NK,GSE20754_WT_VS_TCF1_KO_MEMORY_CD8_TCELL_DN,190,1089,1233,0.19566275618168175,0.03255029438193187,0.05915836989879608,0.31121284512280933,0.24752475247524752,False,0.21874914973125148,0.10891089108910891,False,0.21045685475675582,0.7722772277227723,False,0.15258969774775222,0.27722772277227725,False,0.25879194979448256,0.18811881188118812,False,0.20716032177038607,0.06930693069306931,False
gse176078,NK,WP_GLYCOSYLATION_AND_RELATED_CONGENITAL_DEFECTS,25,1089,1233,-0.010488813411291398,0.005537394904980287,0.056872639805078506,0.13436489023340153,0.1485148514851485,False,0.08823438106914769,0.5445544554455446,False,0.037009215534188206,0.3069306930693069,False,0.024325623985490225,0.7524752475247525,False,0.04411884396996292,0.21782178217821782,False,0.03821415792836157,0.5742574257425742,False
gse176078,NK,REACTOME_PRE_NOTCH_EXPRESSION_AND_PROCESSING,49,1089,1233,0.17966903098547402,0.08598851229537942,0.07246504724025726,0.1671363160956496,0.9207920792079208,False,0.10689170438992637,0.8712871287128713,False,0.1837531779908839,0.9405940594059405,False,0.13973592663672948,0.7029702970297029,False,0.1904344661665243,0.9108910891089109,False,0.13943581225946047,0.6633663366336634,False
gse176078,NK,HALLMARK_MYC_TARGETS_V2,57,1089,1233,0.24918066248704893,0.1249378976390608,0.07952631264925003,0.17956321531624314,0.5148514851485149,False,0.12538868000201175,0.9801980198019802,False,0.30961298836748613,0.5346534653465347,False,0.22965066272731777,0.5742574257425742,False,0.3575000286848894,0.2376237623762376,False,0.23304073337309625,0.5247524752475248,False
gse176078,NK,WP_BIOSYNTHESIS_AND_TURNOVER_OF_1DEOXYSPHINGOID_BASES,8,1089,1233,0.06689369805557735,0.034772836267073934,0.054066844284534454,0.07276959680771322,0.9702970297029703,False,0.05394137074506539,0.8415841584158416,False,0.03618519060422829,0.36633663366336633,False,0.01990208159891386,0.8118811881188119,False,0.048108717087700065,0.6039603960396039,False,0.023838686117111936,0.8415841584158416,False
gse176078,NKT,REACTOME_SEROTONIN_RECEPTORS,8,627,1233,-0.20242893906477302,0.005995547142393247,,0.07307476328828258,0.009900990099009901,True,-0.020386480097680272,0.8118811881188119,False,-0.22652559108697243,0.49504950495049505,False,0.04806672426065392,0.2871287128712871,False,-0.223119512903998,0.5445544554455446,False,0.05672588911550526,0.1485148514851485,False
gse176078,NKT,KEGG_HEDGEHOG_SIGNALING_PATHWAY,51,627,1233,-0.1305320492212137,-0.1003540089298301,0.0399644635617733,0.17933378202941042,0.009900990099009901,True,-0.023985233674138948,0.504950495049505,False,-0.07334589872522937,0.2079207920792079,False,0.007432772134766356,0.2079207920792079,False,-0.07033796437188458,0.1485148514851485,False,0.010809489973681996,0.15841584158415842,False
gse176078,NKT,GSE23321_CENTRAL_MEMORY_VS_NAIVE_CD8_TCELL_DN,179,627,1233,-0.2792095432283913,0.006330921214199928,0.03102925606071949,0.34163626392373564,0.009900990099009901,True,-0.07076550339181915,0.5643564356435643,False,-0.23970309650870472,0.32673267326732675,False,0.02424871073094026,0.801980198019802,False,-0.24053705885124738,0.32673267326732675,False,0.020680675454904703,0.8613861386138614,False
gse176078,NKT,GSE22025_UNTREATED_VS_TGFB1_AND_PROGESTERONE_TREATED_CD4_TCELL_UP,177,627,1233,-0.07793902434087395,-0.36127123621630713,0.03049449436366558,0.3346177358550896,0.009900990099009901,True,-0.0760773195482499,0.0297029702970297,True,-0.12368299167559044,0.504950495049505,False,0.02654572018041264,0.009900990099009901,True,-0.12785179750904263,0.38613861386138615,False,0.022000954095029147,0.009900990099009901,True
gse176078,NKT,KEGG_SYSTEMIC_LUPUS_ERYTHEMATOSUS,52,627,1233,0.11454091888487399,0.06996645049856555,0.09439719468355179,0.20009996052001255,0.39603960396039606,False,-0.03756469516125657,0.37623762376237624,False,0.2580581033568674,0.0297029702970297,True,-0.007700930027684233,0.6039603960396039,False,0.286769533150238,0.009900990099009901,True,-0.03148384275055045,0.5148514851485149,False
gse176078,NKT,WP_ZINC_HOMEOSTASIS,34,627,1233,-0.003964324796080386,0.042815089143802616,0.041335124522447586,0.14544705731404733,0.13861386138613863,False,-0.031522787249368245,0.5247524752475248,False,0.016755386871590484,0.693069306930693,False,-0.014392738472387073,0.6138613861386139,False,0.0301844978731797,0.5445544554455446,False,-0.04973377512385878,0.45544554455445546,False
gse176078,NKT,BIOCARTA_EDG1_PATHWAY,22,627,1233,0.16272796115347118,0.07737002436994612,0.09808102250099182,0.12506502399853106,0.7227722772277227,False,-0.015086196175561496,0.42574257425742573,False,0.21115613219723545,0.39603960396039606,False,-0.0003523284586761356,0.6831683168316832,False,0.20972998385852945,0.504950495049505,False,-0.00993277463174513,0.504950495049505,False
gse176078,NKT,REACTOME_MET_RECEPTOR_RECYCLING,10,627,1233,0.16332152832149907,-0.21812576705529818,0.07600086182355881,0.07602718940918556,0.36633663366336633,False,-0.00752414632350586,0.06930693069306931,False,0.10671747855658757,0.27722772277227725,False,-0.036242999065959305,0.10891089108910891,False,0.11167088157336322,0.3465346534653465,False,-0.035272508091127794,0.06930693069306931,False
gse176078,NKT,REACTOME_TNFS_BIND_THEIR_PHYSIOLOGICAL_RECEPTORS,28,627,1233,0.03014473491074654,0.19075897678073275,0.04537650942802429,0.14039899952192603,0.2079207920792079,False,-0.04189024781390722,0.07920792079207921,False,0.05202195499055001,0.6732673267326733,False,-0.04470079236085753,0.0297029702970297,True,0.05568751410445512,0.5742574257425742,False,-0.03287705612115757,0.019801980198019802,True
gse176078,NKT,GSE27786_BCELL_VS_CD4_TCELL_DN,181,627,1233,0.4336449449422758,-0.17534466423701917,0.08111435920000076,0.3291063508529057,0.25742574257425743,False,-0.0887441535303036,0.46534653465346537,False,0.43288964609238745,1.0,False,-0.08597982241056039,0.45544554455445546,False,0.45582606016894966,0.594059405940594,False,-0.11109214085976649,0.5643564356435643,False
gse176078,NKT,REACTOME_THE_ROLE_OF_GTSE1_IN_G2_M_PROGRESSION_AFTER_G2_CHECKPOINT,76,627,1233,0.4552073287831933,0.020251317427233687,0.20726855099201202,0.22137794673075029,0.019801980198019802,True,-0.06010697021620219,0.49504950495049505,False,0.5765489822994467,0.019801980198019802,True,-0.08075328224415487,0.4158415841584158,False,0.6122955269628035,0.009900990099009901,True,-0.09707214207765402,0.25742574257425743,False
gse176078,NKT,WP_BIOSYNTHESIS_AND_TURNOVER_OF_1DEOXYSPHINGOID_BASES,8,627,1233,0.044325327061120745,0.04019291073711472,0.043453071266412735,0.06538969099845703,0.7821782178217822,False,-0.009359446229246693,0.6039603960396039,False,0.05267509201288195,0.8217821782178217,False,-0.002057341510246993,0.48514851485148514,False,0.051238118505217534,0.8514851485148515,False,-0.0064494336797235995,0.49504950495049505,False
gse176078,NKT,BIOCARTA_RECK_PATHWAY,9,627,1233,-0.03490603934678639,-0.06443842869393802,0.008146288804709911,0.08071251833329812,0.18811881188118812,False,-0.03070385572814656,0.6435643564356436,False,-0.0036079669025052457,0.504950495049505,False,-0.02551448772343333,0.5742574257425742,False,-0.009442659126089738,0.5445544554455446,False,-0.02293522832960298,0.5742574257425742,False
gse176078,NKT,GSE37416_0H_VS_12H_F_TULARENSIS_LVS_NEUTROPHIL_UP,181,627,1233,0.5325561147878907,-0.02398909845119301,0.07977177947759628,0.3381803174543505,0.019801980198019802,True,-0.060746499672582395,0.801980198019802,False,0.44774161400597334,0.04950495049504951,True,-0.1195465888195541,0.4752475247524752,False,0.4853437930663025,0.32673267326732675,False,-0.13263398253928593,0.33663366336633666,False
gse176078,NKT,WP_AEROBIC_GLYCOLYSIS,12,627,1233,0.40147925944209917,-0.0008864504705574471,0.29017043113708496,0.09496934134619944,0.009900990099009901,True,0.0033828145418515086,0.9702970297029703,False,0.37336791824005877,0.7623762376237624,False,-0.03374211716398935,0.8811881188118812,False,0.4374625481747898,0.5148514851485149,False,-0.06404281615221537,0.7029702970297029,False
gse176078,NKT,GSE6090_UNSTIM_VS_DC_SIGN_STIM_DC_UP,158,627,1233,0.2120078133010521,-0.168132822712189,0.05375000089406967,0.32025095430475303,0.22772277227722773,False,-0.055560942827123025,0.3465346534653465,False,0.16663766149560966,0.36633663366336633,False,-0.08000357778541645,0.33663366336633666,False,0.17335473294509612,0.3069306930693069,False,-0.07846399751053702,0.26732673267326734,False
gse176078,NKT,BIOCARTA_TOB1_PATHWAY,19,627,1233,0.18679230396155708,0.4062924958792625,0.11896783113479614,0.10472368278095578,0.38613861386138615,False,-0.026048662366618208,0.019801980198019802,True,0.26737217262648916,0.15841584158415842,False,-0.013010767988481255,0.009900990099009901,True,0.3062217897711484,0.0594059405940594,False,-0.03765511853835499,0.009900990099009901,True
gse176078,NKT,GSE6674_ANTI_IGM_VS_PL2_3_STIM_BCELL_DN,182,627,1233,0.4603200409266793,0.1266884869204818,0.07790350914001465,0.34879447473535163,0.2079207920792079,False,-0.06864154465588491,0.10891089108910891,False,0.39128631247475343,0.16831683168316833,False,-0.11509835509915348,0.0297029702970297,True,0.4300534005410396,0.5346534653465347,False,-0.11039789966021823,0.04950495049504951,True
gse176078,NKT,BIOCARTA_MYOSIN_PATHWAY,11,627,1233,0.0635904669695962,-0.008929150902919307,0.10307630151510239,0.08463305634388957,0.7524752475247525,False,-0.019773334409092357,0.8316831683168316,False,0.1316215483746314,0.15841584158415842,False,-0.02210270274712165,0.8613861386138614,False,0.15855441877212423,0.07920792079207921,False,-0.051181056071198744,0.5643564356435643,False
gse176078,NKT,WP_NANOPARTICLE_TRIGGERED_AUTOPHAGIC_CELL_DEATH,22,627,1233,0.09333592105625892,0.06342600079511325,0.05233372375369072,0.11855101542188748,0.7623762376237624,False,-0.027241111778725714,0.3564356435643564,False,0.10622582466,0.8910891089108911,False,-0.038715668974519966,0.16831683168316833,False,0.09503094885243649,0.9702970297029703,False,-0.03924474891498446,0.18811881188118812,False
gse176078,Normal epithelial,REACTOME_SEROTONIN_RECEPTORS,8,2104,1233,-0.18351273975044227,0.08089493810952302,0.0,-0.05086032528142681,0.2376237623762376,False,0.01565953576500575,0.5742574257425742,False,-0.1972144789133321,0.44554455445544555,False,0.07105132145335363,0.6138613861386139,False,-0.19948901205034988,0.4752475247524752,False,0.07064985473090404,0.6633663366336634,False
gse176078,Normal epithelial,WP_MAMMALIAN_DISORDER_OF_SEXUAL_DEVELOPMENT,22,2104,1233,0.0357393692099314,0.0955427065946711,0.0669935792684555,0.07344159917614781,0.8118811881188119,False,-0.05278490272646138,0.31683168316831684,False,0.042470730944399515,0.9306930693069307,False,-0.05733674083249691,0.1782178217821782,False,0.06821190721036444,0.6633663366336634,False,-0.067544736027468,0.22772277227722773,False
gse176078,Normal epithelial,BIOCARTA_IFNA_PATHWAY,8,2104,1233,-0.04346391123032881,0.022817203246950836,0.264272004365921,0.01136891259099612,0.7227722772277227,False,-0.01516732889457572,0.6831683168316832,False,-0.012946935370051128,0.6336633663366337,False,-0.026232576408945114,0.49504950495049505,False,0.029894172567955686,0.18811881188118812,False,-0.08641311819478299,0.19801980198019803,False
gse176078,Normal epithelial,REACTOME_CELL_CELL_JUNCTION_ORGANIZATION,79,2104,1233,0.3261080481506389,-0.38632124282759406,0.1288807988166809,0.022181752429971544,0.07920792079207921,False,-0.034742045294694934,0.0297029702970297,True,0.2495251432002522,0.44554455445544555,False,-0.12793427198281848,0.13861386138613863,False,0.27443567740618624,0.40594059405940597,False,-0.18263258832812473,0.10891089108910891,False
gse176078,Normal epithelial,KEGG_MISMATCH_REPAIR,23,2104,1233,-0.14486105372893301,0.11586799371060057,0.18744952976703644,0.011498728355613542,0.3465346534653465,False,-0.006338583940754561,0.49504950495049505,False,-0.08142346776327836,0.2376237623762376,False,-0.018546463317018945,0.0594059405940594,False,-0.07484960058489715,0.19801980198019803,False,-0.012260210623566296,0.0891089108910891,False
gse176078,Normal epithelial,BIOCARTA_PCAF_PATHWAY,13,2104,1233,0.20447386747398788,0.02234923700433878,0.27862289547920227,-0.01820313115711554,0.13861386138613863,False,0.027432661975479496,0.9603960396039604,False,0.28847882081210224,0.48514851485148514,False,-0.10961788954180494,0.46534653465346537,False,0.2843426647932429,0.42574257425742573,False,-0.10615142528620788,0.43564356435643564,False
gse176078,Normal epithelial,KEGG_OXIDATIVE_PHOSPHORYLATION,112,2104,1233,0.7094927476737967,-0.5358167564153403,0.4889656603336334,0.019666782233565806,0.009900990099009901,True,-0.015980998505174135,0.009900990099009901,True,0.7656375028049038,0.019801980198019802,True,-0.3365952636534246,0.019801980198019802,True,0.7807159336028084,0.009900990099009901,True,-0.39501422082281334,0.0297029702970297,True
gse176078,Normal epithelial,GSE13484_UNSTIM_VS_12H_YF17D_VACCINE_STIM_PBMC_DN,185,2104,1233,0.2693509100629647,-0.0953380153487384,0.20832641422748566,0.06452407903285294,0.18811881188118812,False,-0.018840887925794525,0.6237623762376238,False,0.4169744469078412,0.019801980198019802,True,-0.2518908485999098,0.19801980198019803,False,0.47301330198074054,0.009900990099009901,True,-0.3320121768211145,0.06930693069306931,False
gse176078,Normal epithelial,REACTOME_CLASS_I_MHC_MEDIATED_ANTIGEN_PROCESSING_PRESENTATION,364,2104,1233,0.335806765857196,-0.17400624601997533,0.2276126891374588,0.08947831584388946,0.18811881188118812,False,0.005837949796779867,0.39603960396039606,False,0.4232724696756922,0.12871287128712872,False,-0.27128907407781166,0.4752475247524752,False,0.460736754738337,0.0297029702970297,True,-0.34949699133002576,0.07920792079207921,False
gse176078,Normal epithelial,GSE32986_CURDLAN_HIGHDOSE_VS_GMCSF_AND_CURDLAN_HIGHDOSE_STIM_DC_DN,193,2104,1233,0.26611298448567494,0.04439613007439835,0.19788487255573273,0.07706611843303386,0.22772277227722773,False,-0.01359173938105961,0.7623762376237624,False,0.5562624064627951,0.009900990099009901,True,-0.25843006197030755,0.04950495049504951,True,0.5934532901738119,0.009900990099009901,True,-0.3395268613189936,0.009900990099009901,True
gse176078,Normal epithelial,BIOCARTA_EPO_PATHWAY,19,2104,1233,-0.16552503578751884,0.34873947383983905,0.23081077635288239,0.007290037666255323,0.2871287128712871,False,0.0015937300662325507,0.06930693069306931,False,0.02489410551373459,0.07920792079207921,False,-0.020775795889146048,0.019801980198019802,True,0.03895487185249024,0.0891089108910891,False,-0.056685734327239085,0.019801980198019802,True
gse176078,Normal epithelial,HALLMARK_PI3K_AKT_MTOR_SIGNALING,103,2104,1233,0.40556820641238667,-0.06330248851183413,0.23759600520133972,0.016316870208723033,0.019801980198019802,True,0.009274095152431905,0.6633663366336634,False,0.4519832505078276,0.504950495049505,False,-0.24174179253069716,0.26732673267326734,False,0.4814300129119594,0.15841584158415842,False,-0.29695308226131334,0.0594059405940594,False
gse176078,Normal epithelial,GSE27786_BCELL_VS_CD4_TCELL_DN,181,2104,1233,0.13285535480441993,0.0535503663147792,0.1597120314836502,0.0833256081195329,0.7029702970297029,False,0.014002806331744288,0.8514851485148515,False,0.18126374372865667,0.5148514851485149,False,-0.1598166481306197,0.09900990099009901,False,0.22182657080809665,0.1782178217821782,False,-0.1989697682930276,0.039603960396039604,True
gse176078,Normal epithelial,GSE6259_BCELL_VS_CD8_TCELL_DN,175,2104,1233,-0.1252841319847414,0.1549394025100341,0.14991845190525055,0.05896895328399721,0.24752475247524752,False,-0.03022574433656431,0.3069306930693069,False,-0.03022940686377181,0.26732673267326734,False,-0.054769402028674585,0.18811881188118812,False,0.03548181435905387,0.0297029702970297,True,-0.14758237615815306,0.009900990099009901,True
gse176078,Normal epithelial,HALLMARK_MITOTIC_SPINDLE,198,2104,1233,-0.03027957784768482,0.2735325471156294,0.18574358522891998,0.06784092459513132,0.5445544554455446,False,-0.013770332723292108,0.13861386138613863,False,0.09534836141317954,0.04950495049504951,True,-0.1499410258290898,0.009900990099009901,True,0.057459798535097154,0.1485148514851485,False,-0.1313992175854714,0.009900990099009901,True
gse176078,Normal epithelial,HALLMARK_GLYCOLYSIS,195,2104,1233,0.5183646732737913,-0.3000478342851832,0.20766280591487885,0.051249529463203845,0.009900990099009901,True,0.008747036545540739,0.0891089108910891,False,0.41340509325516045,0.1485148514851485,False,-0.19267828176704377,0.49504950495049505,False,0.47426771895003106,0.45544554455445546,False,-0.28787773292838587,0.8910891089108911,False
gse176078,Normal epithelial,WP_MITOCHONDRIAL_COMPLEX_IV_ASSEMBLY,34,2104,1233,0.6220059724775583,-0.5019723575334565,0.483712762594223,0.03516109005060384,0.009900990099009901,True,-0.0028106488421696125,0.0297029702970297,True,0.6027564750802914,0.693069306930693,False,-0.26415996189021695,0.039603960396039604,True,0.6307750130115921,0.801980198019802,False,-0.3197728112626729,0.07920792079207921,False
gse176078,Normal epithelial,BIOCARTA_NGF_PATHWAY,20,2104,1233,-0.19968149377428968,0.4959484194938719,0.19934360682964325,-0.0026359955785799625,0.2376237623762376,False,-0.008487015354714685,0.019801980198019802,True,0.09513053495134997,0.009900990099009901,True,-0.03016222949521155,0.009900990099009901,True,0.0434784307502935,0.0297029702970297,True,0.06740089727336784,0.009900990099009901,True
gse176078,Normal epithelial,BIOCARTA_NOTCH_PATHWAY,6,2104,1233,-0.096963751462419,0.0783379567695723,0.1960960179567337,-0.048909363886853546,0.7326732673267327,False,0.014458345897530202,0.45544554455445546,False,-0.09154442242560967,0.8811881188118812,False,0.0048961191892608995,0.13861386138613863,False,-0.08900579178188096,0.8118811881188119,False,0.01362328546014879,0.1485148514851485,False
gse176078,Normal epithelial,KEGG_AMINOACYL_TRNA_BIOSYNTHESIS,22,2104,1233,-0.34025139482130995,0.14181647289402494,0.1293085664510727,0.01336449374511544,0.019801980198019802,True,-0.005028247022297247,0.26732673267326734,False,-0.28353359263941985,0.10891089108910891,False,0.07683558047701473,0.09900990099009901,False,-0.2999004736875407,0.1485148514851485,False,0.09700716857558554,0.16831683168316833,False
gse176078,Perivascular,KEGG_MATURITY_ONSET_DIABETES_OF_THE_YOUNG,19,2859,1233,0.0297118823419719,-0.043868592100082426,0.028656234964728355,0.08542006665536109,0.6435643564356436,False,0.03110800317163854,0.5544554455445545,False,-0.011051655500200135,0.40594059405940597,False,-0.057718334481294806,0.9207920792079208,False,0.0011945093049137696,0.5742574257425742,False,-0.060386481207728035,0.8811881188118812,False
gse176078,Perivascular,KEGG_TRYPTOPHAN_METABOLISM,38,2859,1233,-0.10842928553494571,0.1600319961072771,0.10282915830612183,0.06657024011563234,0.297029702970297,False,0.016998860101526833,0.22772277227722773,False,-0.12845607288805044,0.6138613861386139,False,0.006505302600102186,0.0297029702970297,True,-0.11796508366683374,0.7722772277227723,False,-0.03452961027813066,0.019801980198019802,True
gse176078,Perivascular,GSE26488_WT_VS_HDAC7_KO_DOUBLE_POSITIVE_THYMOCYTE_DN,161,2859,1233,0.30303502689163286,-0.08135138191014625,0.08971084654331207,0.11257010848253685,0.16831683168316833,False,0.05087539985513029,0.36633663366336633,False,0.22150243565547595,0.15841584158415842,False,0.016349298776516055,0.504950495049505,False,0.2388773048709268,0.21782178217821782,False,0.009372105085794957,0.4752475247524752,False
gse176078,Perivascular,REACTOME_ASSEMBLY_OF_THE_ORC_COMPLEX_AT_THE_ORIGIN_OF_REPLICATION,9,2859,1233,-0.039807131969706915,-0.004914924509971933,0.11728457361459732,0.005640618523934493,0.8316831683168316,False,0.0093052234439957,0.8613861386138614,False,-0.053039768605666504,0.7029702970297029,False,0.015764426271440302,0.6534653465346535,False,-0.057333120033187586,0.5643564356435643,False,-0.006453063912807381,0.9702970297029703,False
gse176078,Perivascular,KEGG_FRUCTOSE_AND_MANNOSE_METABOLISM,31,2859,1233,0.2623115182783463,-0.03650071197853623,0.12142409384250641,-0.0036687070380150605,0.07920792079207921,False,0.0175425454873544,0.5346534653465347,False,0.2389870337452181,0.6633663366336634,False,0.035787022929165455,0.6336633663366337,False,0.2470259962636432,0.8217821782178217,False,0.033210766802025865,0.6039603960396039,False
gse176078,Perivascular,BIOCARTA_HDAC_PATHWAY,24,2859,1233,0.28491296416965417,0.22722022674895204,0.19187739491462708,0.06391179664132193,0.06930693069306931,False,-0.006437289918702474,0.07920792079207921,False,0.22820482577037582,0.27722772277227725,False,0.08924094507382993,0.25742574257425743,False,0.2564779614702256,0.6138613861386139,False,0.026244904068632204,0.10891089108910891,False
gse176078,Perivascular,REACTOME_TRANSCRIPTIONAL_ACTIVATION_OF_MITOCHONDRIAL_BIOGENESIS,53,2859,1233,0.15463284123189247,-0.0010436113909023546,0.1636529564857483,0.06515053576306387,0.49504950495049505,False,0.023815546084871308,0.7623762376237624,False,0.16725339910608722,0.8910891089108911,False,0.042388875658686404,0.7227722772277227,False,0.16394887218454718,0.8613861386138614,False,0.002234003786935686,0.9702970297029703,False
gse176078,Perivascular,KEGG_GLYCEROPHOSPHOLIPID_METABOLISM,73,2859,1233,-0.30910706998572635,0.06717982340759308,0.08261919021606445,0.08571049937064713,0.019801980198019802,True,0.033291625783690285,0.7821782178217822,False,-0.30160984054328893,0.8514851485148515,False,0.007214333833065335,0.36633663366336633,False,-0.2791918574070411,0.44554455445544555,False,-0.04317497375900553,0.10891089108910891,False
gse176078,Perivascular,GSE41867_DAY6_VS_DAY8_LCMV_CLONE13_EFFECTOR_CD8_TCELL_DN,195,2859,1233,0.01418827543713857,0.14040604817510924,0.14693650603294373,0.15642908200460778,0.297029702970297,False,0.029643745717893022,0.40594059405940597,False,0.06272401328111682,0.2871287128712871,False,0.023798710415341793,0.33663366336633666,False,0.06675683420816728,0.297029702970297,False,-0.0165721094689033,0.13861386138613863,False
gse176078,Perivascular,GSE17721_0.5H_VS_24H_CPG_BMDC_DN,193,2859,1233,0.38988674393225436,-0.17562364893815374,0.13113288581371307,0.1451902868209884,0.04950495049504951,True,0.044279091067919954,0.18811881188118812,False,0.35903337811536207,0.5445544554455446,False,0.058939485926414806,0.0594059405940594,False,0.3903069691235388,0.9801980198019802,False,-0.007580686790245905,0.09900990099009901,False
gse176078,Perivascular,BIOCARTA_TGFB_PATHWAY,19,2859,1233,-0.05730398811770242,-0.07242694434394521,0.16794927418231964,0.021567881358105324,0.5841584158415841,False,0.000917049378059899,0.504950495049505,False,-0.15067598199753296,0.009900990099009901,True,0.028792799570542003,0.0891089108910891,False,-0.1246871748321858,0.04950495049504951,True,-0.03852487350830572,0.43564356435643564,False
gse176078,Perivascular,BIOCARTA_RHO_PATHWAY,21,2859,1233,0.4579998881402926,0.18273549095886676,0.21387532353401184,0.03950225411523989,0.009900990099009901,True,0.002832132891632993,0.10891089108910891,False,0.42748431243769514,0.5643564356435643,False,0.061887480604483326,0.3564356435643564,False,0.4446013818628938,0.7920792079207921,False,-0.00588971851203386,0.15841584158415842,False
gse176078,Perivascular,GSE10273_HIGH_VS_LOW_IL7_TREATED_IRF4_8_NULL_PRE_BCELL_UP,185,2859,1233,0.28246680276607755,0.2534588195891659,0.14194758236408234,0.14794316803679292,0.21782178217821782,False,0.04275744124996675,0.09900990099009901,False,0.311710424506618,0.5346534653465347,False,0.06378371833615482,0.15841584158415842,False,0.3380498354652472,0.27722772277227725,False,0.0046449542598545465,0.039603960396039604,True
gse176078,Perivascular,HALLMARK_PI3K_AKT_MTOR_SIGNALING,103,2859,1233,0.5517293064859071,-0.043167373282084455,0.16663286089897156,0.09357589099516425,0.009900990099009901,True,0.03943656327068269,0.5841584158415841,False,0.4798486387972603,0.09900990099009901,False,0.060754642799773786,0.45544554455445546,False,0.4994982993485175,0.18811881188118812,False,0.022688338579872312,0.6633663366336634,False
gse176078,Perivascular,GSE30971_CTRL_VS_LPS_STIM_MACROPHAGE_WBP7_HET_2H_UP,181,2859,1233,0.1607695588491052,-0.0675376860865192,0.1072961837053299,0.1691015873470642,0.9504950495049505,False,0.021771366512573123,0.5445544554455446,False,0.09556355999223674,0.2376237623762376,False,-0.012324237482136284,0.7722772277227723,False,0.12618114634948868,0.5148514851485149,False,-0.10215609060061909,0.801980198019802,False
gse176078,Perivascular,HALLMARK_ESTROGEN_RESPONSE_EARLY,193,2859,1233,0.23597959975562513,0.11529885093291174,0.09820960462093353,0.1807102784199517,0.6534653465346535,False,0.04463753431239631,0.6534653465346535,False,0.07322641160605203,0.009900990099009901,True,-0.00809123974578081,0.3564356435643564,False,0.03367183515546665,0.009900990099009901,True,0.08479438275184169,0.8316831683168316,False
gse176078,Perivascular,GSE20754_WT_VS_TCF1_KO_MEMORY_CD8_TCELL_DN,190,2859,1233,0.2165637021479428,-0.03772674600387632,0.10676548629999161,0.13834597156214196,0.6138613861386139,False,0.033395169469799105,0.6138613861386139,False,0.06777197504127053,0.009900990099009901,True,0.05493889743585424,0.46534653465346537,False,0.08109063292871409,0.009900990099009901,True,-0.023710522880687916,0.8811881188118812,False
gse176078,Perivascular,BIOCARTA_SLRP_PATHWAY,6,2859,1233,0.2615630406345219,-0.2844105811160315,0.164480060338974,-0.01622182407774394,0.0297029702970297,True,-0.005663489996510949,0.039603960396039604,True,0.23700600512926756,0.6732673267326733,False,0.03771879061994603,0.10891089108910891,False,0.2480723174625212,0.801980198019802,False,-0.011427521939363187,0.12871287128712872,False
gse176078,Perivascular,WP_COVID19_STRUCTURAL_COVERAGE_MAP,20,2859,1233,0.48442725883206844,-0.16592711888421235,0.17907372117042542,-0.003276801982347029,0.009900990099009901,True,0.016283429343162174,0.12871287128712872,False,0.3666367238880349,0.0594059405940594,False,0.08209176260530694,0.16831683168316833,False,0.375792097458201,0.04950495049504951,True,0.0692834434117317,0.09900990099009901,False
gse176078,Perivascular,KEGG_AMINOACYL_TRNA_BIOSYNTHESIS,22,2859,1233,-0.25936337533838555,0.0407670704944683,0.07787887752056122,0.05725456288076554,0.009900990099009901,True,0.01888237095696936,0.8514851485148515,False,-0.22703131926645545,0.16831683168316833,False,0.004367129143608045,0.31683168316831684,False,-0.21736998729397242,0.06930693069306931,False,0.006775064657728213,0.32673267326732675,False
gse176078,Plasma,REACTOME_SEROTONIN_RECEPTORS,8,1844,1233,-0.3250180265719158,-0.05129362135471909,,0.09607243700957273,0.009900990099009901,True,0.01775724330899069,0.2871287128712871,False,-0.3136847594623823,0.5643564356435643,False,-0.05834519026072579,0.801980198019802,False,-0.30962467530841525,0.3465346534653465,False,-0.05788697652324409,0.7722772277227723,False
gse176078,Plasma,BIOCARTA_SLRP_PATHWAY,6,1844,1233,-0.2432793285957425,-0.13901799354321936,0.04404319450259209,0.047210419623592764,0.0297029702970297,True,-0.011924602786329615,0.039603960396039604,True,-0.16281430737349326,0.019801980198019802,True,-0.037393488138869904,0.009900990099009901,True,-0.1583639325450048,0.009900990099009901,True,-0.04096909042659595,0.009900990099009901,True
gse176078,Plasma,WP_STRIATED_MUSCLE_CONTRACTION_PATHWAY,34,1844,1233,0.3390460054103828,0.02298111287461993,0.05538635328412056,0.19322237354492944,0.3564356435643564,False,0.024221673649741496,0.9702970297029703,False,0.35477556598560467,0.7920792079207921,False,0.06996078858384173,0.6534653465346535,False,0.3712916191126246,0.5643564356435643,False,0.06786519754822767,0.6039603960396039,False
gse176078,Plasma,HALLMARK_COAGULATION,128,1844,1233,-0.04621411605262525,-0.19615919310011465,0.048940930515527725,0.3421990174403128,0.019801980198019802,True,0.05189204347186083,0.019801980198019802,True,0.021834313627501996,0.12871287128712872,False,-0.023668917877385884,0.009900990099009901,True,0.027609312419402274,0.06930693069306931,False,-0.025782657609958924,0.009900990099009901,True
gse176078,Plasma,KEGG_MELANOMA,66,1844,1233,-0.06204938307604321,0.03412100150987082,0.045850202441215515,0.1987795670349065,0.1188118811881188,False,0.020077222575985747,0.8613861386138614,False,-0.08348321519227371,0.594059405940594,False,-0.026638661390068076,0.15841584158415842,False,-0.07419991716747429,0.7128712871287128,False,-0.01792234026003396,0.25742574257425743,False
gse176078,Plasma,GSE3982_EOSINOPHIL_VS_TH1_UP,175,1844,1233,0.18552025076047868,-0.07714073122326809,0.06822788715362549,0.3659504789304382,0.12871287128712872,False,0.033572917284300376,0.2376237623762376,False,0.21843767498784888,0.40594059405940597,False,0.04898004124604704,0.04950495049504951,True,0.23913695999565598,0.13861386138613863,False,0.036306012554068415,0.04950495049504951,True
gse176078,Plasma,REACTOME_SYNTHESIS_OF_5_EICOSATETRAENOIC_ACIDS,9,1844,1233,0.33865399037734023,0.10122548483287358,0.10446911305189133,0.06993347913787193,0.06930693069306931,False,-0.011094048966058107,0.13861386138613863,False,0.36122840099334874,0.5841584158415841,False,0.06690819689105044,0.6831683168316832,False,0.39039870382580255,0.26732673267326734,False,0.06742403157088216,0.7128712871287128,False
gse176078,Plasma,KEGG_PROPANOATE_METABOLISM,30,1844,1233,0.1569997615913333,0.0034632101817893015,0.10120625793933868,0.1850368857603386,0.8811881188118812,False,0.019766379441965687,0.8712871287128713,False,0.1794920796736991,0.594059405940594,False,0.030548912741401917,0.6633663366336634,False,0.19379561249946273,0.297029702970297,False,0.034689996756673676,0.6336633663366337,False
gse176078,Plasma,BIOCARTA_TPO_PATHWAY,24,1844,1233,0.3840676524475275,0.12072389374450404,0.1247733011841774,0.10883622943734125,0.0891089108910891,False,0.0004662725661758705,0.18811881188118812,False,0.41979921319617564,0.4752475247524752,False,0.09312181376389364,0.6633663366336634,False,0.44138295248802917,0.22772277227722773,False,0.10167295622341753,0.7227722772277227,False
gse176078,Plasma,BIOCARTA_PS1_PATHWAY,14,1844,1233,-0.08192657047986815,-0.03459790371013868,0.04160468280315399,0.0955656417266069,0.31683168316831684,False,0.005499025278521665,0.4752475247524752,False,-0.09006074049163476,0.7326732673267327,False,-0.010870534254349962,0.4752475247524752,False,-0.08691285004869359,0.7920792079207921,False,-0.02499778479691835,0.7524752475247525,False
gse176078,Plasma,REACTOME_THE_NLRP3_INFLAMMASOME,16,1844,1233,0.3439349695296762,-0.023736170940362827,0.1451444774866104,0.11777405532845256,0.16831683168316833,False,0.005473859919120203,0.6336633663366337,False,0.4308776830048695,0.04950495049504951,True,0.07310976667131214,0.21782178217821782,False,0.46601173395433987,0.009900990099009901,True,0.07797508754432259,0.12871287128712872,False
gse176078,Plasma,GSE20715_0H_VS_24H_OZONE_TLR4_KO_LUNG_UP,179,1844,1233,0.4723520016154898,0.10613373551398896,0.07211943715810776,0.33959959997226646,0.4158415841584158,False,0.031441087700089576,0.45544554455445546,False,0.396147559185865,0.06930693069306931,False,0.06446443532778069,0.5643564356435643,False,0.4238711381221556,0.18811881188118812,False,0.04835143113313747,0.36633663366336633,False
gse176078,Plasma,REACTOME_PKMTS_METHYLATE_HISTONE_LYSINES,40,1844,1233,0.013303576836379344,0.041851337421381085,0.08060342818498611,0.1892396848163169,0.3465346534653465,False,0.009113863748255709,0.6732673267326733,False,0.013650509145209494,1.0,False,0.0016002947698827454,0.3564356435643564,False,0.0154219105979057,0.9603960396039604,False,0.011495752445091222,0.504950495049505,False
gse176078,Plasma,GSE31082_DN_VS_CD4_SP_THYMOCYTE_UP,185,1844,1233,0.6585952012813552,0.1667615459941155,0.1249777153134346,0.3297623073269047,0.019801980198019802,True,0.04390464358163226,0.2079207920792079,False,0.6772809065012002,0.48514851485148514,False,0.13618771517768735,0.5742574257425742,False,0.6914609280021307,0.06930693069306931,False,0.12100723760870075,0.3465346534653465,False
gse176078,Plasma,GSE27670_BLIMP1_VS_LMP1_TRANSDUCED_GC_BCELL_DN,189,1844,1233,0.40149716403156427,0.16865624944272345,0.08317185193300247,0.37822786028897254,0.801980198019802,False,0.03936755957918073,0.1485148514851485,False,0.42671097709968275,0.4752475247524752,False,0.07671467350665956,0.13861386138613863,False,0.44730758210012467,0.15841584158415842,False,0.07341280442429499,0.10891089108910891,False
gse176078,Plasma,REACTOME_SIGNALING_BY_NOTCH1,74,1844,1233,0.37132295764684703,-0.16696584961780495,0.0843234732747078,0.23861513150313463,0.3564356435643564,False,0.03953188345204424,0.009900990099009901,True,0.421925716140903,0.32673267326732675,False,0.09918499400684967,0.019801980198019802,True,0.44497356954964906,0.0594059405940594,False,0.08440943228456872,0.0297029702970297,True
gse176078,Plasma,KEGG_CHRONIC_MYELOID_LEUKEMIA,73,1844,1233,0.24450422494712368,0.16553519644387457,0.07326196134090424,0.22463807901664645,0.9306930693069307,False,0.02721683374542236,0.1485148514851485,False,0.1823809787791454,0.18811881188118812,False,0.05540687401928289,0.15841584158415842,False,0.2047333272303799,0.42574257425742573,False,0.054027761650738776,0.07920792079207921,False
gse176078,Plasma,BIOCARTA_IL2RB_PATHWAY,37,1844,1233,0.5368589163498431,0.03733592161373039,0.12894636392593384,0.1864314113726947,0.019801980198019802,True,0.03378535205039579,0.9504950495049505,False,0.4703442723394785,0.1188118811881188,False,0.0927212152171025,0.48514851485148514,False,0.5038522653871833,0.27722772277227725,False,0.09140008154613301,0.38613861386138615,False
gse176078,Plasma,REACTOME_POSITIVE_EPIGENETIC_REGULATION_OF_RRNA_EXPRESSION,43,1844,1233,0.2741943206794219,0.09927226145568088,0.11601098626852036,0.20493978026101917,0.6435643564356436,False,0.03655739024297004,0.42574257425742573,False,0.3476229654133347,0.09900990099009901,False,0.07115072778107082,0.6435643564356436,False,0.3454751033231238,0.09900990099009901,False,0.07124524259386328,0.6237623762376238,False
gse176078,Plasma,HALLMARK_MITOTIC_SPINDLE,198,1844,1233,-0.031115121964517503,0.010541488832828115,0.06364882737398148,0.3704797249608818,0.0297029702970297,True,0.059390953854761244,0.6039603960396039,False,-0.09093091363118488,0.0297029702970297,True,-0.008319469672436637,0.6138613861386139,False,-0.08373117647538958,0.06930693069306931,False,-0.030047981680624267,0.31683168316831684,False
gse176078,Proliferating T,REACTOME_SEROTONIN_RECEPTORS,8,1355,1233,-0.2857453557321551,-0.1875580588219463,,0.043964131152714456,0.0297029702970297,True,0.015023763602011943,0.18811881188118812,False,-0.2853610618865575,0.9603960396039604,False,-0.19835146375741275,0.6732673267326733,False,-0.2798048370032938,0.6732673267326733,False,-0.19607258501818153,0.6633663366336634,False
gse176078,Proliferating T,KEGG_ALPHA_LINOLENIC_ACID_METABOLISM,17,1355,1233,-0.31843985464672814,-0.21275518853652636,0.02111745811998844,0.07785177936041528,0.009900990099009901,True,0.06028135749662669,0.07920792079207921,False,-0.2978693187524125,0.4158415841584158,False,-0.20709871526346224,0.8811881188118812,False,-0.30174464197538314,0.5346534653465347,False,-0.20731964537394446,0.8118811881188119,False
gse176078,Proliferating T,GSE2706_LPS_VS_R848_AND_LPS_2H_STIM_DC_UP,151,1355,1233,0.25105105085695517,0.32432230724736305,0.07726172357797623,0.16873740338058912,0.5643564356435643,False,0.11678252515489121,0.21782178217821782,False,0.14270680112760792,0.48514851485148514,False,0.10307386488282609,0.1782178217821782,False,0.21604686895945158,0.6336633663366337,False,0.16547803248179777,0.22772277227722773,False
gse176078,Proliferating T,REACTOME_PLATELET_HOMEOSTASIS,79,1355,1233,0.2543435437756592,0.2344273495799864,0.11000017821788788,0.13077375909995953,0.5445544554455446,False,0.09690607167419418,0.5148514851485149,False,0.21676740057617744,0.7623762376237624,False,0.1622959560948759,0.6336633663366337,False,0.28031079911234125,0.7425742574257426,False,0.22493313806790916,0.9207920792079208,False
gse176078,Proliferating T,GSE30971_2H_VS_4H_LPS_STIM_MACROPHAGE_WBP7_KO_DN,174,1355,1233,0.10185157163006468,-0.13254097286830668,0.12582868337631226,0.18157436760305926,0.5445544554455446,False,0.10679984838806178,0.2376237623762376,False,0.23715552238403226,0.18811881188118812,False,0.18346507086434266,0.0297029702970297,True,0.340483407908554,0.0297029702970297,True,0.2734000035911378,0.009900990099009901,True
gse176078,Proliferating T,GSE30083_SP1_VS_SP3_THYMOCYTE_DN,183,1355,1233,-0.19508891750982676,-0.3401868396041866,0.11757372319698334,0.1720972920604104,0.0297029702970297,True,0.11786371439150517,0.019801980198019802,True,0.16178111880305462,0.009900990099009901,True,0.0952883610366003,0.009900990099009901,True,0.25802046656385624,0.009900990099009901,True,0.2421348228758832,0.009900990099009901,True
gse176078,Proliferating T,REACTOME_VITAMIN_C_ASCORBATE_METABOLISM,8,1355,1233,0.06227869356133282,-0.01606437864863483,0.2239479124546051,0.03429795410576684,0.8613861386138614,False,-0.013893210588019398,0.9801980198019802,False,0.16551587014573338,0.3564356435643564,False,0.13707714011001637,0.32673267326732675,False,0.2745517328422897,0.019801980198019802,True,0.2696899768397949,0.019801980198019802,True
gse176078,Proliferating T,BIOCARTA_BBCELL_PATHWAY,9,1355,1233,0.3877610908231607,0.5287246850153432,0.2953151762485504,0.02933928269347597,0.0297029702970297,True,0.010364015715126875,0.009900990099009901,True,0.348383890879522,0.7128712871287128,False,0.24311631016942628,0.10891089108910891,False,0.2454584600790128,0.27722772277227725,False,0.12373640951675585,0.04950495049504951,True
gse176078,Proliferating T,KEGG_PROPANOATE_METABOLISM,30,1355,1233,0.3432427573486659,0.3221694610975209,0.16897280514240265,0.05376928017719039,0.12871287128712872,False,0.03399589816732698,0.1485148514851485,False,0.23670652031859482,0.42574257425742573,False,0.17997813501299192,0.46534653465346537,False,0.2839343684822404,0.5148514851485149,False,0.24677690518942935,0.6633663366336634,False
gse176078,Proliferating T,WP_PARKINSONS_DISEASE_PATHWAY,35,1355,1233,0.37805172217236804,0.3134931815047506,0.17830556631088257,0.0706777759910833,0.06930693069306931,False,0.03409334079417871,0.0891089108910891,False,0.33485657863043766,0.7722772277227723,False,0.2448305608641237,0.6732673267326733,False,0.43031454836374267,0.5841584158415841,False,0.37278622197417194,0.6633663366336634,False
gse176078,Proliferating T,BIOCARTA_GATA3_PATHWAY,13,1355,1233,-0.011127717146984253,-0.0033485586689652076,0.18169192969799042,0.05699859678330425,0.6831683168316832,False,0.03045156793812831,0.8415841584158416,False,0.057857473213590846,0.3069306930693069,False,0.04927726241922185,0.6534653465346535,False,0.11650277647853614,0.09900990099009901,False,0.13339529608308207,0.2079207920792079,False
gse176078,Proliferating T,GSE2826_WT_VS_XID_BCELL_UP,190,1355,1233,0.449747280259873,0.31130235276779444,0.1785930097103119,0.14747129501338643,0.04950495049504951,True,0.09402435025401965,0.24752475247524752,False,0.34475220931071315,0.24752475247524752,False,0.26033698429601726,0.6435643564356436,False,0.43137914807549416,0.8118811881188119,False,0.3854790712758534,0.5148514851485149,False
gse176078,Proliferating T,GSE27786_BCELL_VS_CD4_TCELL_DN,181,1355,1233,0.05539024879995857,-0.11401676727898258,0.13641075789928436,0.166933423251929,0.46534653465346537,False,0.10924748701907135,0.19801980198019803,False,0.34803637253924485,0.0297029702970297,True,0.23627369791693065,0.0594059405940594,False,0.4161435758647287,0.009900990099009901,True,0.33376243667350924,0.009900990099009901,True
gse176078,Proliferating T,BIOCARTA_MEF2D_PATHWAY,18,1355,1233,0.45814035210850895,0.45654331315110797,0.31262436509132385,0.04348435686447198,0.019801980198019802,True,0.026467382907080318,0.019801980198019802,True,0.3406684984853616,0.36633663366336633,False,0.2395122588117932,0.2376237623762376,False,0.4395066080059461,0.8217821782178217,False,0.3894828179041835,0.5346534653465347,False
gse176078,Proliferating T,GSE31082_DN_VS_CD4_SP_THYMOCYTE_UP,185,1355,1233,0.5820432939733003,0.5442650331225541,0.24011459946632385,0.1481320411528655,0.009900990099009901,True,0.08032708411604236,0.009900990099009901,True,0.4726405705403136,0.09900990099009901,False,0.3629342171463068,0.1188118811881188,False,0.5495585554888329,0.5445544554455446,False,0.4595882412050258,0.38613861386138615,False
gse176078,Proliferating T,WP_TROP2_REGULATORY_SIGNALING,48,1355,1233,0.19204036038869313,0.15225656110098307,0.13504037261009216,0.10762796781199482,0.5742574257425742,False,0.05969043783846862,0.6039603960396039,False,0.27468933147807073,0.5445544554455446,False,0.17590274003780532,0.8811881188118812,False,0.20424045349384426,0.9108910891089109,False,0.09973451214193543,0.8118811881188119,False
gse176078,Proliferating T,REACTOME_OXIDATIVE_STRESS_INDUCED_SENESCENCE,64,1355,1233,0.28583862824419726,0.2225975745338102,0.2099727839231491,0.12467932870369404,0.3564356435643564,False,0.057222145784189875,0.40594059405940597,False,0.3052838568522972,0.8514851485148515,False,0.2171312678165267,0.9306930693069307,False,0.41896432806082406,0.12871287128712872,False,0.3377477874251472,0.4158415841584158,False
gse176078,Proliferating T,REACTOME_SYNTHESIS_OF_5_EICOSATETRAENOIC_ACIDS,9,1355,1233,0.1926086625582241,0.1450875680834891,0.11133996397256851,0.03051274500252988,0.31683168316831684,False,0.028472349832419988,0.42574257425742573,False,0.3022248859850476,0.43564356435643564,False,0.2271178537041957,0.6534653465346535,False,0.36426887075095277,0.1188118811881188,False,0.2982671072326528,0.3465346534653465,False
gse176078,Proliferating T,REACTOME_INTERLEUKIN_1_PROCESSING,9,1355,1233,-0.054620505615499894,-0.12624068158842047,0.13308940827846527,0.06553556131452638,0.49504950495049505,False,0.04551078296294041,0.31683168316831684,False,0.04137250687184939,0.31683168316831684,False,0.03508765409132596,0.21782178217821782,False,0.09565377402688116,0.04950495049504951,True,0.11933624791386424,0.0297029702970297,True
gse176078,Proliferating T,BIOCARTA_IL2_PATHWAY,22,1355,1233,0.24799710409485817,0.13801161630714165,0.2648202180862427,0.04326368298880881,0.2376237623762376,False,0.03241932273637061,0.6138613861386139,False,0.40042371339745275,0.19801980198019803,False,0.25258623420368476,0.504950495049505,False,0.31544854903790587,0.6534653465346535,False,0.20916717880831281,0.7524752475247525,False
gse176078,Treg,REACTOME_SEROTONIN_RECEPTORS,8,2388,1233,-0.30478711139922304,-0.21985782376259563,,0.0804662948737569,0.009900990099009901,True,0.051505375356909855,0.09900990099009901,False,-0.2936233566335201,0.46534653465346537,False,-0.21671460907426043,0.7920792079207921,False,-0.2927567629534521,0.4158415841584158,False,-0.2201401895728436,0.9801980198019802,False
gse176078,Treg,WP_CELLTYPE_DEPENDENT_SELECTIVITY_OF_CCK2R_SIGNALING,13,2388,1233,-0.1618482718864358,-0.10546902212117315,0.016475221142172813,0.06923951462958913,0.06930693069306931,False,0.06218600476206394,0.15841584158415842,False,-0.1871162588409752,0.26732673267326734,False,-0.13691963250041833,0.3069306930693069,False,-0.1812937720810619,0.3564356435643564,False,-0.13846963093373987,0.297029702970297,False
gse176078,Treg,HALLMARK_APICAL_SURFACE,42,2388,1233,0.23799214463022053,0.28151041060877025,0.05889982730150223,0.1453852865612051,0.40594059405940597,False,0.1149411109578036,0.18811881188118812,False,0.15648113844092731,0.32673267326732675,False,0.10779201084016969,0.18811881188118812,False,0.17856428105477368,0.4752475247524752,False,0.16007783516325283,0.38613861386138615,False
gse176078,Treg,BIOCARTA_INFLAM_PATHWAY,26,2388,1233,0.22607515154516228,0.21675841808373467,0.0760224312543869,0.08155651261789702,0.16831683168316833,False,0.05782691585891156,0.21782178217821782,False,0.22485688225882655,0.9801980198019802,False,0.19667905753327064,0.8910891089108911,False,0.22448734036262574,0.9801980198019802,False,0.16291786486820314,0.6831683168316832,False
gse176078,Treg,GSE5589_WT_VS_IL10_KO_LPS_STIM_MACROPHAGE_180MIN_DN,132,2388,1233,0.30427398264697153,0.3383805266363954,0.06056343764066696,0.2164567120177599,0.3465346534653465,False,0.1337464990766311,0.07920792079207921,False,0.26166129009478767,0.6039603960396039,False,0.17001747896060176,0.2079207920792079,False,0.2820087407734214,0.7920792079207921,False,0.1900288115963546,0.2871287128712871,False
gse176078,Treg,KEGG_CYSTEINE_AND_METHIONINE_METABOLISM,31,2388,1233,0.24675891154220472,0.19018471035115497,0.12325514853000641,0.09415967739570624,0.22772277227722773,False,0.07150931290447873,0.4158415841584158,False,0.26281634997046316,0.8415841584158416,False,0.20250031489077142,0.9603960396039604,False,0.3086552491383647,0.33663366336633666,False,0.25471094999214006,0.6237623762376238,False
gse176078,Treg,REACTOME_SIGNALING_BY_WNT,263,2388,1233,0.6410196574229418,0.4793415306992999,0.11586198955774307,0.29205784179803906,0.009900990099009901,True,0.21438519281527246,0.039603960396039604,True,0.5792291886433305,0.21782178217821782,False,0.4449651861222638,0.7227722772277227,False,0.604636684649377,0.42574257425742573,False,0.45228750009581914,0.7524752475247525,False
gse176078,Treg,WP_ENTEROCYTE_CHOLESTEROL_METABOLISM,33,2388,1233,-0.040462344566848066,-0.1126081464221966,0.08313503861427307,0.12439097537329098,0.18811881188118812,False,0.07945307578276908,0.1485148514851485,False,0.04581816072117176,0.04950495049504951,True,0.05443303560947417,0.0297029702970297,True,0.07724531652015179,0.019801980198019802,True,0.05349106484130894,0.06930693069306931,False
gse176078,Treg,GSE26290_WT_VS_PDK1_KO_ANTI_CD3_AND_IL2_STIM_CD8_TCELL_DN,179,2388,1233,0.14697185975600943,0.1941873132154922,0.09431955218315125,0.2706974304620613,0.3564356435643564,False,0.2183457508076499,0.8316831683168316,False,0.17721922302677467,0.5742574257425742,False,0.16570777635540462,0.6633663366336634,False,0.20845552992113928,0.22772277227722773,False,0.15850869013559954,0.7128712871287128,False
gse176078,Treg,REACTOME_SYNTHESIS_OF_PIPS_AT_THE_LATE_ENDOSOME_MEMBRANE,11,2388,1233,-0.09517897893095224,-0.06665107049646882,0.05510224774479866,0.0672450927193717,0.1485148514851485,False,0.03580904139730842,0.39603960396039606,False,-0.07283187215628062,0.297029702970297,False,-0.04099083400771106,0.5148514851485149,False,-0.06646254989760764,0.21782178217821782,False,-0.04232039476999411,0.4752475247524752,False
gse176078,Treg,GSE2826_WT_VS_BTK_KO_BCELL_UP,183,2388,1233,0.39060079905284967,0.3328436776054326,0.11927423626184464,0.2756013016177367,0.297029702970297,False,0.19740606552341822,0.31683168316831684,False,0.4685783821697989,0.0891089108910891,False,0.3722538581450964,0.5643564356435643,False,0.5110484462086915,0.019801980198019802,True,0.3871231804336168,0.5841584158415841,False
gse176078,Treg,BIOCARTA_PRC2_PATHWAY,14,2388,1233,0.15568791930086356,0.13601397938970541,0.1436876356601715,0.10943324985493798,0.7029702970297029,False,0.05674297392217459,0.5742574257425742,False,0.07881448295646602,0.06930693069306931,False,0.06778791290037821,0.31683168316831684,False,0.1290606344055687,0.5247524752475248,False,0.08018837493777228,0.45544554455445546,False
gse176078,Treg,BIOCARTA_BARRESTIN_SRC_PATHWAY,16,2388,1233,0.1943396165514692,-0.04729179616958575,0.05334342271089554,0.09077268515951169,0.38613861386138615,False,0.045822887660864384,0.4158415841584158,False,0.0501130067135631,0.019801980198019802,True,0.03575800686465924,0.32673267326732675,False,0.07916189562797621,0.04950495049504951,True,0.06016684571267166,0.297029702970297,False
gse176078,Treg,BIOCARTA_MEF2D_PATHWAY,18,2388,1233,0.3908331423787024,0.32983320537969824,0.207192063331604,0.09165228816290227,0.0297029702970297,True,0.04881785529163292,0.039603960396039604,True,0.30975027900272134,0.3465346534653465,False,0.2167718292452235,0.4158415841584158,False,0.3521229154808977,0.5445544554455446,False,0.27206564897099905,0.7029702970297029,False
gse176078,Treg,WP_DYRK1A_INVOLVEMENT_REGARDING_CELL_PROLIFERATION_IN_BRAIN_DEVELOPMENT,61,2388,1233,0.03842909105799583,0.04781377800242341,0.06190967559814453,0.15112772782651562,0.31683168316831684,False,0.12036014759019437,0.6039603960396039,False,0.01333960692027583,0.6633663366336634,False,0.017586590650916962,0.7623762376237624,False,0.04797343639843203,0.7920792079207921,False,0.04417306514370599,0.9603960396039604,False
gse176078,Treg,REACTOME_GLYCOGEN_METABOLISM,24,2388,1233,0.3328231887011571,0.018664148687563942,0.11804607510566711,0.09277698786882373,0.0594059405940594,False,0.037813197152466005,0.8712871287128713,False,0.3939258657042889,0.46534653465346537,False,0.21297332434929483,0.25742574257425743,False,0.42904227864852296,0.27722772277227725,False,0.30961282226048364,0.039603960396039604,True
gse176078,Treg,GSE25677_R848_VS_MPL_AND_R848_STIM_BCELL_DN,156,2388,1233,0.5127559579258147,0.2477441400488635,0.12769760191440582,0.22682370484265663,0.009900990099009901,True,0.18078145018107372,0.5346534653465347,False,0.5653467751156642,0.27722772277227725,False,0.43588394583674717,0.07920792079207921,False,0.5952867267024007,0.06930693069306931,False,0.4550188286584511,0.0297029702970297,True
gse176078,Treg,REACTOME_RAB_GEFS_EXCHANGE_GTP_FOR_GDP_ON_RABS,89,2388,1233,0.09969335922162176,0.15055463419924886,0.0836256891489029,0.18224454011715674,0.48514851485148514,False,0.15741565678946934,0.9603960396039604,False,0.10779052159961726,0.8217821782178217,False,0.08583468538480729,0.504950495049505,False,0.15825749164389408,0.16831683168316833,False,0.10624807973448888,0.49504950495049505,False
gse176078,Treg,BIOCARTA_DICER_PATHWAY,5,2388,1233,0.020353229588438392,-0.026257398446890037,0.06288482993841171,0.07153964947025364,0.594059405940594,False,0.04718552749768638,0.49504950495049505,False,0.0010737163536256524,0.43564356435643564,False,0.007016173882357819,0.37623762376237624,False,-0.0007384261770027151,0.37623762376237624,False,0.0008885897889285255,0.4158415841584158,False
gse176078,Treg,BIOCARTA_NPC_PATHWAY,11,2388,1233,0.16362370004770088,0.055344544134698276,0.17704777419567108,0.07169346119279232,0.42574257425742573,False,0.061848903874053465,0.9504950495049505,False,0.20021745654125134,0.6138613861386139,False,0.1339842939591168,0.5148514851485149,False,0.21061076760455205,0.5544554455445545,False,0.1553959915798228,0.45544554455445546,False
